사례ID,평가유형,지역,비교쌍,사용조건_가정,v18_구현대응상태_사용성과아님,v19_재판정,근거등급,공통대표관찰ID_개별세션아님,현재근거와잔여,비교쌍별점검,관련문제ID,다음확인,실행범위
S001,합성 조건 재대조·실제 참가자 아님,안국,어니언 안국 / 정독도서관,인터넷이 끊긴 상황을 가정,부분 반영,안내 구현·장애 미실행,CODE/UNTESTED,,연결 끊김·재시도·주소 정보 코드 있음. 최초 오프라인 로드와 복구 실행은 미확인.,"공통 UI 근거를 이 비교에도 적용한 가설이며, 별도의 사용자 세션은 실행하지 않음.",R05/R14,이미 연 상태와 최초 진입 실패를 나누어 확인,대표 UI 관찰+코드 검토를 동일 조건에 연결; 개별 합성 사례의 브라우저 실행 아님
S002,합성 조건 재대조·실제 참가자 아님,서촌,대오서점 / 이상의 집,390px 폭의 작은 화면,반영,가림 개선·새 스크롤 마찰,UI/CODE/HYP,U01/U05/U06,첫 비용 행 가림 없음. 지도 이름 목록 마지막 두 곳은 내부 스크롤 아래.,"공통 UI 근거를 이 비교에도 적용한 가설이며, 별도의 사용자 세션은 실행하지 않음.",R06/R07,8번째 이름을 별도 설명 없이 찾을 수 있는지 관찰,대표 UI 관찰+코드 검토를 동일 조건에 연결; 개별 합성 사례의 브라우저 실행 아님
S003,합성 조건 재대조·실제 참가자 아님,서촌,스태픽스 / 수성동 계곡,인터넷이 끊긴 상황을 가정,부분 반영,안내 구현·장애 미실행,CODE/UNTESTED,,연결 끊김·재시도·주소 정보 코드 있음. 최초 오프라인 로드와 복구 실행은 미확인.,"공통 UI 근거를 이 비교에도 적용한 가설이며, 별도의 사용자 세션은 실행하지 않음.",R05/R14,이미 연 상태와 최초 진입 실패를 나누어 확인,대표 UI 관찰+코드 검토를 동일 조건에 연결; 개별 합성 사례의 브라우저 실행 아님
S004,합성 조건 재대조·실제 참가자 아님,서촌,스태픽스 / 수성동 계곡,야외 강한 햇빛을 가정,부분 반영,개선 일부·환경 미실행,UI/CODE/UNTESTED,U05,선택 색·이름 표시는 있음. 실제 햇빛에서 읽기·명암은 미확인.,"공통 UI 근거를 이 비교에도 적용한 가설이며, 별도의 사용자 세션은 실행하지 않음.",R09,야외에서 지도명·주의문 읽기와 조작 확인,대표 UI 관찰+코드 검토를 동일 조건에 연결; 개별 합성 사례의 브라우저 실행 아님
S005,합성 조건 재대조·실제 참가자 아님,서촌,스태픽스 / 수성동 계곡,동행자와 선택을 상의함,반영,전환 개선·비교 공유 잔여,UI/CODE/HYP,U03/U04/U05,상대 상세·두 장소 전환 작동. 링크 복사는 현재 장소만 유지.,"공통 UI 근거를 이 비교에도 적용한 가설이며, 별도의 사용자 세션은 실행하지 않음.",R01/R12,장소 하나/두 곳 비교 중 무엇을 보내려 하는지 확인,대표 UI 관찰+코드 검토를 동일 조건에 연결; 개별 합성 사례의 브라우저 실행 아님
S006,합성 조건 재대조·실제 참가자 아님,서촌,대오서점 / 이상의 집,잠깐 앉아 쉴 자리 필요,보류,공간 비교 있음·좌석 조건 부족,CODE/HYP/UNTESTED,,실내/마당/산책로 정보는 있음. 앉을 수 있음·대화 가능·이용 조건은 별도 문제.,이 비교에서 필요한 경험: 옛 서점 실내·마당 / 실내 기념공간. 행사/좌석 필요성이 다른 쌍과 같은지 먼저 확인.,R03/R04,앉기·대화·조용한 열람 중 실제 목적과 좌석 이용 조건 확인,대표 UI 관찰+코드 검토를 동일 조건에 연결; 개별 합성 사례의 브라우저 실행 아님
S007,합성 조건 재대조·실제 참가자 아님,안국,어니언 안국 / 정독도서관,현재 위치에서 가까운 곳 선호,부분 반영,위치 비교 개선·출발점 없음,UI/CODE/HYP/UNTESTED,U05/U09,지도 이름·축척으로 상대 위치를 볼 수 있음. 현재 위치·실제 도보 경로는 없음.,"공통 UI 근거를 이 비교에도 적용한 가설이며, 별도의 사용자 세션은 실행하지 않음.",R04/R13,외부 경로 확인의 발견성과 앱 왕복 관찰,대표 UI 관찰+코드 검토를 동일 조건에 연결; 개별 합성 사례의 브라우저 실행 아님
S008,합성 조건 재대조·실제 참가자 아님,안국,어니언 안국 / 정독도서관,390px 폭의 작은 화면,반영,가림 개선·새 스크롤 마찰,UI/CODE/HYP,U01/U05/U06,첫 비용 행 가림 없음. 지도 이름 목록 마지막 두 곳은 내부 스크롤 아래.,"공통 UI 근거를 이 비교에도 적용한 가설이며, 별도의 사용자 세션은 실행하지 않음.",R06/R07,8번째 이름을 별도 설명 없이 찾을 수 있는지 관찰,대표 UI 관찰+코드 검토를 동일 조건에 연결; 개별 합성 사례의 브라우저 실행 아님
S009,합성 조건 재대조·실제 참가자 아님,안국,어니언 안국 / 정독도서관,긴 걷기를 피하고 싶음,부분 반영,부분 개선·경로 미확인,UI/CODE/HYP/UNTESTED,U05,축척·이름 지도 있음. 출발점·입구·경사 포함 실제 보행 부담은 판단 불가.,장소 대표 좌표이며 실제 입구 확정 정보 없음,R04/R09/R13,외부 지도에서 출발점을 설정하고 경로 확인하는 흐름 관찰,대표 UI 관찰+코드 검토를 동일 조건에 연결; 개별 합성 사례의 브라우저 실행 아님
S010,합성 조건 재대조·실제 참가자 아님,서촌,대오서점 / 이상의 집,외부 지도에서 경로를 바로 기대,반영,문구 개선·외부 실행 미확인,UI/CODE/UNTESTED,U03,네이버 지도에서 보기 문구와 장소 검색 URL이 일치. 외부 앱 왕복 미실행.,"공통 UI 근거를 이 비교에도 적용한 가설이며, 별도의 사용자 세션은 실행하지 않음.",R04/R13,폰에서 검색→출발점 설정→경로→앱 복귀 관찰,대표 UI 관찰+코드 검토를 동일 조건에 연결; 개별 합성 사례의 브라우저 실행 아님
S011,합성 조건 재대조·실제 참가자 아님,안국,어니언 안국 / 정독도서관,한국어가 익숙하지 않음,보류,수요·이해도 미확인,CODE/HYP/UNTESTED,,한국어 중심이며 번역은 없음. 언어 수요 조사 없이 다국어 기능을 추가하지 않음.,"공통 UI 근거를 이 비교에도 적용한 가설이며, 별도의 사용자 세션은 실행하지 않음.",,필요 언어와 비용·운영 조건 이해도부터 조사,대표 UI 관찰+코드 검토를 동일 조건에 연결; 개별 합성 사례의 브라우저 실행 아님
S012,합성 조건 재대조·실제 참가자 아님,안국,어니언 안국 / 정독도서관,진행 중인 전시·행사를 찾음,부분 반영,공식 연결 일부·일정 미확인,CODE/HYP/UNTESTED,,공간 설명과 공식 링크 중심. 오늘 진행 중인 행사를 보장하지 않음.,이 비교에서 필요한 경험: 한옥 실내·마당 / 자료실·야외 정원. 행사/좌석 필요성이 다른 쌍과 같은지 먼저 확인.,R02/R03/R11,해당 비교 목적에 행사 정보가 필요한지와 일정 링크 정확성 확인,대표 UI 관찰+코드 검토를 동일 조건에 연결; 개별 합성 사례의 브라우저 실행 아님
S013,합성 조건 재대조·실제 참가자 아님,서촌,대오서점 / 이상의 집,계단 없는 이동이 필요함,부분 반영,부분 개선·현장 미확인,CODE/HYP/UNTESTED,,계단 없는 동선은 여러 장소에서 사전 확인 요구. 실제 접근성 미확인.,"대오서점 단차 안내, 이상의 집 계단 없는 관람 동선 확인 필요",R02/R04,운영기관의 확인된 동선과 미확인 항목 분리,대표 UI 관찰+코드 검토를 동일 조건에 연결; 개별 합성 사례의 브라우저 실행 아님
S014,합성 조건 재대조·실제 참가자 아님,안국,서울공예박물관 / 계동 배렴 가옥,사진으로 현장 입구를 찾음,부분 반영,사진 설명 개선·입구 미확인,UI/CODE/HYP/UNTESTED,U03/U05,상세 사진 내용과 입구 사진 아님 표시는 있음. 실제 입구 도착은 미확인.,장소 대표 좌표이며 실제 입구 확정 정보 없음,R04/R10,출입구를 식별할 사진·좌표·단차를 확인,대표 UI 관찰+코드 검토를 동일 조건에 연결; 개별 합성 사례의 브라우저 실행 아님
S015,합성 조건 재대조·실제 참가자 아님,안국,서울공예박물관 / 계동 배렴 가옥,현재 위치에서 가까운 곳 선호,부분 반영,위치 비교 개선·출발점 없음,UI/CODE/HYP/UNTESTED,U05/U09,지도 이름·축척으로 상대 위치를 볼 수 있음. 현재 위치·실제 도보 경로는 없음.,"공통 UI 근거를 이 비교에도 적용한 가설이며, 별도의 사용자 세션은 실행하지 않음.",R04/R13,외부 경로 확인의 발견성과 앱 왕복 관찰,대표 UI 관찰+코드 검토를 동일 조건에 연결; 개별 합성 사례의 브라우저 실행 아님
S016,합성 조건 재대조·실제 참가자 아님,서촌,대오서점 / 이상의 집,큰 글씨를 선호함,반영,기본 가독성 개선·확대 미실행,UI/CODE/UNTESTED,U01/U07,비교 값15px. 320px 가로 넘침은 없었으나 지도 주의문12px이고 실제 큰 글씨 미실행.,"공통 UI 근거를 이 비교에도 적용한 가설이며, 별도의 사용자 세션은 실행하지 않음.",R06/R07/R09,기기 글자 확대와 브라우저 확대를 별도로 확인,대표 UI 관찰+코드 검토를 동일 조건에 연결; 개별 합성 사례의 브라우저 실행 아님
S017,합성 조건 재대조·실제 참가자 아님,안국,어니언 안국 / 정독도서관,야외 강한 햇빛을 가정,부분 반영,개선 일부·환경 미실행,UI/CODE/UNTESTED,U05,선택 색·이름 표시는 있음. 실제 햇빛에서 읽기·명암은 미확인.,"공통 UI 근거를 이 비교에도 적용한 가설이며, 별도의 사용자 세션은 실행하지 않음.",R09,야외에서 지도명·주의문 읽기와 조작 확인,대표 UI 관찰+코드 검토를 동일 조건에 연결; 개별 합성 사례의 브라우저 실행 아님
S018,합성 조건 재대조·실제 참가자 아님,서촌,대오서점 / 이상의 집,느린 데이터 연결을 가정,부분 반영,새 비용 확인·지연 미실행,CODE/HYP/UNTESTED,,지도 JS와 글꼴 파일이 큼. 목록이 지도 defer 스크립트 순서 뒤에 위치. 실제 대기시간 미측정.,"공통 UI 근거를 이 비교에도 적용한 가설이며, 별도의 사용자 세션은 실행하지 않음.",R05/R14,느린 통신에서 목록 독립 로딩 및 지도 지연 후 회복 측정,대표 UI 관찰+코드 검토를 동일 조건에 연결; 개별 합성 사례의 브라우저 실행 아님
S019,합성 조건 재대조·실제 참가자 아님,서촌,스태픽스 / 수성동 계곡,초행·시간 여유·경험 비교,유지·정리,개선 유지·판단 정보 보완,UI/CODE/HYP,U01/U02/U03,사진과 공통 비교는 유지. 운영·제약 대조는 상세 왕복 필요.,실내·야외 테라스 / 야외 산책로,R01/R06/R10,두 곳의 차이와 방문 제약을 목록에서 설명할 수 있는지 관찰,대표 UI 관찰+코드 검토를 동일 조건에 연결; 개별 합성 사례의 브라우저 실행 아님
S020,합성 조건 재대조·실제 참가자 아님,서촌,대오서점 / 이상의 집,동네에 익숙한 재방문자,반영,탐색 개선·중복 잔여,UI/CODE/HYP,U01/U02/U10,상황 바로 이동은 작동. 지도와 연결되지 않는 A/B 및 반복 설명이 남음.,옛 서점 실내·마당 / 실내 기념공간,R06/R11,알고 있는 장소에서 달라진 운영 정보만 쉽게 찾는지 관찰,대표 UI 관찰+코드 검토를 동일 조건에 연결; 개별 합성 사례의 브라우저 실행 아님
S021,합성 조건 재대조·실제 참가자 아님,안국,어니언 안국 / 정독도서관,외부 지도에서 경로를 바로 기대,반영,문구 개선·외부 실행 미확인,UI/CODE/UNTESTED,U03,네이버 지도에서 보기 문구와 장소 검색 URL이 일치. 외부 앱 왕복 미실행.,"공통 UI 근거를 이 비교에도 적용한 가설이며, 별도의 사용자 세션은 실행하지 않음.",R04/R13,폰에서 검색→출발점 설정→경로→앱 복귀 관찰,대표 UI 관찰+코드 검토를 동일 조건에 연결; 개별 합성 사례의 브라우저 실행 아님
S022,합성 조건 재대조·실제 참가자 아님,안국,어니언 안국 / 정독도서관,동네에 익숙한 재방문자,반영,탐색 개선·중복 잔여,UI/CODE/HYP,U01/U02/U10,상황 바로 이동은 작동. 지도와 연결되지 않는 A/B 및 반복 설명이 남음.,한옥 실내·마당 / 자료실·야외 정원,R06/R11,알고 있는 장소에서 달라진 운영 정보만 쉽게 찾는지 관찰,대표 UI 관찰+코드 검토를 동일 조건에 연결; 개별 합성 사례의 브라우저 실행 아님
S023,합성 조건 재대조·실제 참가자 아님,안국,어니언 안국 / 정독도서관,정보 출처를 중요하게 봄,유지·정리,출처 유지·유효성 보완,UI/CODE/HYP,U03,출처·확인일은 접힌 운영 안내에 있음. 항목별 미확인과 임시 정보 만료 관리 필요.,카페와 도서관의 서로 다른 운영시간은 각각 상세에서 확인; 음료·빵 구매 / 자료 열람 무료,R02/R11,자료 확인일과 실시간/현장 확인의 차이를 이해하는지 관찰,대표 UI 관찰+코드 검토를 동일 조건에 연결; 개별 합성 사례의 브라우저 실행 아님
S024,합성 조건 재대조·실제 참가자 아님,안국,어니언 안국 / 정독도서관,비가 오는 상황을 가정,유지,비교 근거 있음·조건 미실행,UI/CODE/HYP/UNTESTED,U02,실내·야외 구분은 존재. 비 오는 날 두 후보의 목적 달성 여부는 미확인.,한옥 실내·마당 / 자료실·야외 정원,R03/R04,우천 시 실제 이용 가능한 공간·동선 확인,대표 UI 관찰+코드 검토를 동일 조건에 연결; 개별 합성 사례의 브라우저 실행 아님
S025,합성 조건 재대조·실제 참가자 아님,안국,서울공예박물관 / 계동 배렴 가옥,잠깐 앉아 쉴 자리 필요,보류,공간 비교 있음·좌석 조건 부족,CODE/HYP/UNTESTED,,실내/마당/산책로 정보는 있음. 앉을 수 있음·대화 가능·이용 조건은 별도 문제.,이 비교에서 필요한 경험: 실내 전시실 / 한옥 실내·마당. 행사/좌석 필요성이 다른 쌍과 같은지 먼저 확인.,R03/R04,앉기·대화·조용한 열람 중 실제 목적과 좌석 이용 조건 확인,대표 UI 관찰+코드 검토를 동일 조건에 연결; 개별 합성 사례의 브라우저 실행 아님
S026,합성 조건 재대조·실제 참가자 아님,서촌,대오서점 / 이상의 집,나중에 다시 방문할 계획,반영,링크 구현·미래 정보 보완,CODE/HYP/UNTESTED,,장소 hash 링크·복사 코드 있음. 임시 안내 유효기간 관리와 비교 맥락 공유는 부족.,"공통 UI 근거를 이 비교에도 적용한 가설이며, 별도의 사용자 세션은 실행하지 않음.",R11/R12,다른 날짜 재방문 및 직접 링크 재진입 확인,대표 UI 관찰+코드 검토를 동일 조건에 연결; 개별 합성 사례의 브라우저 실행 아님
S027,합성 조건 재대조·실제 참가자 아님,안국,서울공예박물관 / 계동 배렴 가옥,약속까지 30분 남음,반영,부분 개선·잔여,UI/CODE/HYP,U02/U03/U05,운영 요약은 상세 상단에 있음. 목록·지도에서는 운영과 공통 휴무가 안 보임.,"양쪽 월요일 휴관 안내, 박물관 야간 운영 예외는 공식 안내 확인",R01/R02/R03,짧은 시간에 양쪽 운영을 대조하는 실제 조작 관찰,대표 UI 관찰+코드 검토를 동일 조건에 연결; 개별 합성 사례의 브라우저 실행 아님
S028,합성 조건 재대조·실제 참가자 아님,안국,어니언 안국 / 정독도서관,사진으로 현장 입구를 찾음,부분 반영,사진 설명 개선·입구 미확인,UI/CODE/HYP/UNTESTED,U03/U05,상세 사진 내용과 입구 사진 아님 표시는 있음. 실제 입구 도착은 미확인.,장소 대표 좌표이며 실제 입구 확정 정보 없음,R04/R10,출입구를 식별할 사진·좌표·단차를 확인,대표 UI 관찰+코드 검토를 동일 조건에 연결; 개별 합성 사례의 브라우저 실행 아님
S029,합성 조건 재대조·실제 참가자 아님,안국,어니언 안국 / 정독도서관,유모차 동반,부분 반영,부분 개선·현장 미확인,CODE/HYP/UNTESTED,,방문 제약 요약은 존재. 출입 가능 경로를 보장할 자료는 부족.,"어니언 단차 안내, 도서관의 계단 없는 경로는 확인 필요",R02/R04,입구·단차·경사·이용 구간 현장 확인,대표 UI 관찰+코드 검토를 동일 조건에 연결; 개별 합성 사례의 브라우저 실행 아님
S030,합성 조건 재대조·실제 참가자 아님,서촌,대오서점 / 이상의 집,동행자와 선택을 상의함,반영,전환 개선·비교 공유 잔여,UI/CODE/HYP,U03/U04/U05,상대 상세·두 장소 전환 작동. 링크 복사는 현재 장소만 유지.,"공통 UI 근거를 이 비교에도 적용한 가설이며, 별도의 사용자 세션은 실행하지 않음.",R01/R12,장소 하나/두 곳 비교 중 무엇을 보내려 하는지 확인,대표 UI 관찰+코드 검토를 동일 조건에 연결; 개별 합성 사례의 브라우저 실행 아님
S031,합성 조건 재대조·실제 참가자 아님,안국,어니언 안국 / 정독도서관,계단 없는 이동이 필요함,부분 반영,부분 개선·현장 미확인,CODE/HYP/UNTESTED,,계단 없는 동선은 여러 장소에서 사전 확인 요구. 실제 접근성 미확인.,"어니언 단차 안내, 도서관의 계단 없는 경로는 확인 필요",R02/R04,운영기관의 확인된 동선과 미확인 항목 분리,대표 UI 관찰+코드 검토를 동일 조건에 연결; 개별 합성 사례의 브라우저 실행 아님
S032,합성 조건 재대조·실제 참가자 아님,안국,어니언 안국 / 정독도서관,초행·시간 여유·경험 비교,유지·정리,개선 유지·판단 정보 보완,UI/CODE/HYP,U01/U02/U03,사진과 공통 비교는 유지. 운영·제약 대조는 상세 왕복 필요.,한옥 실내·마당 / 자료실·야외 정원,R01/R06/R10,두 곳의 차이와 방문 제약을 목록에서 설명할 수 있는지 관찰,대표 UI 관찰+코드 검토를 동일 조건에 연결; 개별 합성 사례의 브라우저 실행 아님
S033,합성 조건 재대조·실제 참가자 아님,서촌,대오서점 / 이상의 집,인터넷이 끊긴 상황을 가정,부분 반영,안내 구현·장애 미실행,CODE/UNTESTED,,연결 끊김·재시도·주소 정보 코드 있음. 최초 오프라인 로드와 복구 실행은 미확인.,"공통 UI 근거를 이 비교에도 적용한 가설이며, 별도의 사용자 세션은 실행하지 않음.",R05/R14,이미 연 상태와 최초 진입 실패를 나누어 확인,대표 UI 관찰+코드 검토를 동일 조건에 연결; 개별 합성 사례의 브라우저 실행 아님
S034,합성 조건 재대조·실제 참가자 아님,안국,서울공예박물관 / 계동 배렴 가옥,야외 강한 햇빛을 가정,부분 반영,개선 일부·환경 미실행,UI/CODE/UNTESTED,U05,선택 색·이름 표시는 있음. 실제 햇빛에서 읽기·명암은 미확인.,"공통 UI 근거를 이 비교에도 적용한 가설이며, 별도의 사용자 세션은 실행하지 않음.",R09,야외에서 지도명·주의문 읽기와 조작 확인,대표 UI 관찰+코드 검토를 동일 조건에 연결; 개별 합성 사례의 브라우저 실행 아님
S035,합성 조건 재대조·실제 참가자 아님,서촌,스태픽스 / 수성동 계곡,긴 걷기를 피하고 싶음,부분 반영,부분 개선·경로 미확인,UI/CODE/HYP/UNTESTED,U05,축척·이름 지도 있음. 출발점·입구·경사 포함 실제 보행 부담은 판단 불가.,수성동 계곡은 대략적 좌표이며 점선 핀으로 표시,R04/R09/R13,외부 지도에서 출발점을 설정하고 경로 확인하는 흐름 관찰,대표 UI 관찰+코드 검토를 동일 조건에 연결; 개별 합성 사례의 브라우저 실행 아님
S036,합성 조건 재대조·실제 참가자 아님,서촌,스태픽스 / 수성동 계곡,외부 지도에서 경로를 바로 기대,반영,문구 개선·외부 실행 미확인,UI/CODE/UNTESTED,U03,네이버 지도에서 보기 문구와 장소 검색 URL이 일치. 외부 앱 왕복 미실행.,"공통 UI 근거를 이 비교에도 적용한 가설이며, 별도의 사용자 세션은 실행하지 않음.",R04/R13,폰에서 검색→출발점 설정→경로→앱 복귀 관찰,대표 UI 관찰+코드 검토를 동일 조건에 연결; 개별 합성 사례의 브라우저 실행 아님
S037,합성 조건 재대조·실제 참가자 아님,안국,어니언 안국 / 정독도서관,잠깐 앉아 쉴 자리 필요,보류,공간 비교 있음·좌석 조건 부족,CODE/HYP/UNTESTED,,실내/마당/산책로 정보는 있음. 앉을 수 있음·대화 가능·이용 조건은 별도 문제.,이 비교에서 필요한 경험: 한옥 실내·마당 / 자료실·야외 정원. 행사/좌석 필요성이 다른 쌍과 같은지 먼저 확인.,R03/R04,앉기·대화·조용한 열람 중 실제 목적과 좌석 이용 조건 확인,대표 UI 관찰+코드 검토를 동일 조건에 연결; 개별 합성 사례의 브라우저 실행 아님
S038,합성 조건 재대조·실제 참가자 아님,안국,어니언 안국 / 정독도서관,나중에 다시 방문할 계획,반영,링크 구현·미래 정보 보완,CODE/HYP/UNTESTED,,장소 hash 링크·복사 코드 있음. 임시 안내 유효기간 관리와 비교 맥락 공유는 부족.,"공통 UI 근거를 이 비교에도 적용한 가설이며, 별도의 사용자 세션은 실행하지 않음.",R11/R12,다른 날짜 재방문 및 직접 링크 재진입 확인,대표 UI 관찰+코드 검토를 동일 조건에 연결; 개별 합성 사례의 브라우저 실행 아님
S039,합성 조건 재대조·실제 참가자 아님,서촌,대오서점 / 이상의 집,비가 오는 상황을 가정,유지,비교 근거 있음·조건 미실행,UI/CODE/HYP/UNTESTED,U02,실내·야외 구분은 존재. 비 오는 날 두 후보의 목적 달성 여부는 미확인.,옛 서점 실내·마당 / 실내 기념공간,R03/R04,우천 시 실제 이용 가능한 공간·동선 확인,대표 UI 관찰+코드 검토를 동일 조건에 연결; 개별 합성 사례의 브라우저 실행 아님
S040,합성 조건 재대조·실제 참가자 아님,서촌,스태픽스 / 수성동 계곡,한 손 사용,반영,가림 개선·도달성 미실행,UI/CODE/HYP/UNTESTED,U01/U05/U06,내용 가림 제거. 상단 전환·하단 내부 스크롤의 엄지 도달성은 미확인.,"공통 UI 근거를 이 비교에도 적용한 가설이며, 별도의 사용자 세션은 실행하지 않음.",R07,실제 한 손으로 지역 전환·마지막 장소 선택 관찰,대표 UI 관찰+코드 검토를 동일 조건에 연결; 개별 합성 사례의 브라우저 실행 아님
S041,합성 조건 재대조·실제 참가자 아님,서촌,대오서점 / 이상의 집,키보드로 지도 핀 조작,반영,활성화 개선·전환 초점 잔여,UI/CODE/UNTESTED,U05/U06/U07/U08/U11,스태픽스 핀 Enter·수성동 핀 Space 선택과 초점 유지 확인. 목록→지도 후 BODY 초점은 남음.,"공통 UI 근거를 이 비교에도 적용한 가설이며, 별도의 사용자 세션은 실행하지 않음.",R07/R08,지도 진입·선택·상세·목록 복귀 전체 초점 순서 확인,대표 UI 관찰+코드 검토를 동일 조건에 연결; 개별 합성 사례의 브라우저 실행 아님
S042,합성 조건 재대조·실제 참가자 아님,서촌,스태픽스 / 수성동 계곡,약속까지 30분 남음,반영,부분 개선·잔여,UI/CODE/HYP,U02/U03/U05,운영 요약은 상세 상단에 있음. 목록·지도에서는 운영과 공통 휴무가 안 보임.,"스태픽스 최신 운영시간은 매장 확인, 계곡은 기상·현장 통제 확인",R01/R02/R03,짧은 시간에 양쪽 운영을 대조하는 실제 조작 관찰,대표 UI 관찰+코드 검토를 동일 조건에 연결; 개별 합성 사례의 브라우저 실행 아님
S043,합성 조건 재대조·실제 참가자 아님,서촌,대오서점 / 이상의 집,추가 지출 없이 머물고 싶음,부분 반영,부분 개선·자료 부족,UI/CODE/HYP,U01/U02,비용 행은 읽을 수 있음. 구매 조건과 금액 미확인은 남음.,음료 또는 관람 엽서 구매 / 최신 관람료 확인 필요,R02/R04,일반 이용 비용과 별도 프로그램 비용을 확인,대표 UI 관찰+코드 검토를 동일 조건에 연결; 개별 합성 사례의 브라우저 실행 아님
S044,합성 조건 재대조·실제 참가자 아님,서촌,대오서점 / 이상의 집,유모차 동반,부분 반영,부분 개선·현장 미확인,CODE/HYP/UNTESTED,,방문 제약 요약은 존재. 출입 가능 경로를 보장할 자료는 부족.,"대오서점 단차 안내, 이상의 집 계단 없는 관람 동선 확인 필요",R02/R04,입구·단차·경사·이용 구간 현장 확인,대표 UI 관찰+코드 검토를 동일 조건에 연결; 개별 합성 사례의 브라우저 실행 아님
S045,합성 조건 재대조·실제 참가자 아님,서촌,스태픽스 / 수성동 계곡,한국어가 익숙하지 않음,보류,수요·이해도 미확인,CODE/HYP/UNTESTED,,한국어 중심이며 번역은 없음. 언어 수요 조사 없이 다국어 기능을 추가하지 않음.,"공통 UI 근거를 이 비교에도 적용한 가설이며, 별도의 사용자 세션은 실행하지 않음.",,필요 언어와 비용·운영 조건 이해도부터 조사,대표 UI 관찰+코드 검토를 동일 조건에 연결; 개별 합성 사례의 브라우저 실행 아님
S046,합성 조건 재대조·실제 참가자 아님,안국,어니언 안국 / 정독도서관,추가 지출 없이 머물고 싶음,부분 반영,부분 개선·자료 부족,UI/CODE/HYP,U01/U02,비용 행은 읽을 수 있음. 구매 조건과 금액 미확인은 남음.,음료·빵 구매 / 자료 열람 무료,R02/R04,일반 이용 비용과 별도 프로그램 비용을 확인,대표 UI 관찰+코드 검토를 동일 조건에 연결; 개별 합성 사례의 브라우저 실행 아님
S047,합성 조건 재대조·실제 참가자 아님,서촌,스태픽스 / 수성동 계곡,현재 위치에서 가까운 곳 선호,부분 반영,위치 비교 개선·출발점 없음,UI/CODE/HYP/UNTESTED,U05/U09,지도 이름·축척으로 상대 위치를 볼 수 있음. 현재 위치·실제 도보 경로는 없음.,"공통 UI 근거를 이 비교에도 적용한 가설이며, 별도의 사용자 세션은 실행하지 않음.",R04/R13,외부 경로 확인의 발견성과 앱 왕복 관찰,대표 UI 관찰+코드 검토를 동일 조건에 연결; 개별 합성 사례의 브라우저 실행 아님
S048,합성 조건 재대조·실제 참가자 아님,안국,서울공예박물관 / 계동 배렴 가옥,초행·시간 여유·경험 비교,유지·정리,개선 유지·판단 정보 보완,UI/CODE/HYP,U01/U02/U03,사진과 공통 비교는 유지. 운영·제약 대조는 상세 왕복 필요.,실내 전시실 / 한옥 실내·마당,R01/R06/R10,두 곳의 차이와 방문 제약을 목록에서 설명할 수 있는지 관찰,대표 UI 관찰+코드 검토를 동일 조건에 연결; 개별 합성 사례의 브라우저 실행 아님
S049,합성 조건 재대조·실제 참가자 아님,서촌,대오서점 / 이상의 집,사진으로 현장 입구를 찾음,부분 반영,사진 설명 개선·입구 미확인,UI/CODE/HYP/UNTESTED,U03/U05,상세 사진 내용과 입구 사진 아님 표시는 있음. 실제 입구 도착은 미확인.,이상의 집은 대략적 좌표이며 점선 핀으로 표시,R04/R10,출입구를 식별할 사진·좌표·단차를 확인,대표 UI 관찰+코드 검토를 동일 조건에 연결; 개별 합성 사례의 브라우저 실행 아님
S050,합성 조건 재대조·실제 참가자 아님,서촌,스태픽스 / 수성동 계곡,추가 지출 없이 머물고 싶음,부분 반영,부분 개선·자료 부족,UI/CODE/HYP,U01/U02,비용 행은 읽을 수 있음. 구매 조건과 금액 미확인은 남음.,음료·디저트 구매 / 무료,R02/R04,일반 이용 비용과 별도 프로그램 비용을 확인,대표 UI 관찰+코드 검토를 동일 조건에 연결; 개별 합성 사례의 브라우저 실행 아님
S051,합성 조건 재대조·실제 참가자 아님,안국,어니언 안국 / 정독도서관,느린 데이터 연결을 가정,부분 반영,새 비용 확인·지연 미실행,CODE/HYP/UNTESTED,,지도 JS와 글꼴 파일이 큼. 목록이 지도 defer 스크립트 순서 뒤에 위치. 실제 대기시간 미측정.,"공통 UI 근거를 이 비교에도 적용한 가설이며, 별도의 사용자 세션은 실행하지 않음.",R05/R14,느린 통신에서 목록 독립 로딩 및 지도 지연 후 회복 측정,대표 UI 관찰+코드 검토를 동일 조건에 연결; 개별 합성 사례의 브라우저 실행 아님
S052,합성 조건 재대조·실제 참가자 아님,안국,서울공예박물관 / 계동 배렴 가옥,나중에 다시 방문할 계획,반영,링크 구현·미래 정보 보완,CODE/HYP/UNTESTED,,장소 hash 링크·복사 코드 있음. 임시 안내 유효기간 관리와 비교 맥락 공유는 부족.,"공통 UI 근거를 이 비교에도 적용한 가설이며, 별도의 사용자 세션은 실행하지 않음.",R11/R12,다른 날짜 재방문 및 직접 링크 재진입 확인,대표 UI 관찰+코드 검토를 동일 조건에 연결; 개별 합성 사례의 브라우저 실행 아님
S053,합성 조건 재대조·실제 참가자 아님,서촌,스태픽스 / 수성동 계곡,사진으로 현장 입구를 찾음,부분 반영,사진 설명 개선·입구 미확인,UI/CODE/HYP/UNTESTED,U03/U05,상세 사진 내용과 입구 사진 아님 표시는 있음. 실제 입구 도착은 미확인.,수성동 계곡은 대략적 좌표이며 점선 핀으로 표시,R04/R10,출입구를 식별할 사진·좌표·단차를 확인,대표 UI 관찰+코드 검토를 동일 조건에 연결; 개별 합성 사례의 브라우저 실행 아님
S054,합성 조건 재대조·실제 참가자 아님,안국,서울공예박물관 / 계동 배렴 가옥,정보 출처를 중요하게 봄,유지·정리,출처 유지·유효성 보완,UI/CODE/HYP,U03,출처·확인일은 접힌 운영 안내에 있음. 항목별 미확인과 임시 정보 만료 관리 필요.,"양쪽 월요일 휴관 안내, 박물관 야간 운영 예외는 공식 안내 확인; 무료·대관전시 예외 / 프로그램별 확인",R02/R11,자료 확인일과 실시간/현장 확인의 차이를 이해하는지 관찰,대표 UI 관찰+코드 검토를 동일 조건에 연결; 개별 합성 사례의 브라우저 실행 아님
S055,합성 조건 재대조·실제 참가자 아님,서촌,스태픽스 / 수성동 계곡,목적을 아직 정하지 않음,반영,탐색 개선·둘 다 제외 경로 점검,UI/CODE/HYP,U02/U03,4가지 상황 바로 이동 있음. 두 후보 모두 조건에 맞지 않을 때 별도 설명 없음.,"공통 UI 근거를 이 비교에도 적용한 가설이며, 별도의 사용자 세션은 실행하지 않음.",R03/R06,두 후보를 제외한 뒤 다른 상황을 찾게 하는 과제 관찰,대표 UI 관찰+코드 검토를 동일 조건에 연결; 개별 합성 사례의 브라우저 실행 아님
S056,합성 조건 재대조·실제 참가자 아님,서촌,스태픽스 / 수성동 계곡,진행 중인 전시·행사를 찾음,부분 반영,공식 연결 일부·일정 미확인,CODE/HYP/UNTESTED,,공간 설명과 공식 링크 중심. 오늘 진행 중인 행사를 보장하지 않음.,이 비교에서 필요한 경험: 실내·야외 테라스 / 야외 산책로. 행사/좌석 필요성이 다른 쌍과 같은지 먼저 확인.,R02/R03/R11,해당 비교 목적에 행사 정보가 필요한지와 일정 링크 정확성 확인,대표 UI 관찰+코드 검토를 동일 조건에 연결; 개별 합성 사례의 브라우저 실행 아님
S057,합성 조건 재대조·실제 참가자 아님,서촌,스태픽스 / 수성동 계곡,정보 출처를 중요하게 봄,유지·정리,출처 유지·유효성 보완,UI/CODE/HYP,U03,출처·확인일은 접힌 운영 안내에 있음. 항목별 미확인과 임시 정보 만료 관리 필요.,"스태픽스 최신 운영시간은 매장 확인, 계곡은 기상·현장 통제 확인; 음료·디저트 구매 / 무료",R02/R11,자료 확인일과 실시간/현장 확인의 차이를 이해하는지 관찰,대표 UI 관찰+코드 검토를 동일 조건에 연결; 개별 합성 사례의 브라우저 실행 아님
S058,합성 조건 재대조·실제 참가자 아님,서촌,스태픽스 / 수성동 계곡,유모차 동반,부분 반영,부분 개선·현장 미확인,CODE/HYP/UNTESTED,,방문 제약 요약은 존재. 출입 가능 경로를 보장할 자료는 부족.,"카페 언덕 및 편의시설 정보 충돌, 계곡의 경사·이용 구간 확인 필요",R02/R04,입구·단차·경사·이용 구간 현장 확인,대표 UI 관찰+코드 검토를 동일 조건에 연결; 개별 합성 사례의 브라우저 실행 아님
S059,합성 조건 재대조·실제 참가자 아님,안국,서울공예박물관 / 계동 배렴 가옥,비가 오는 상황을 가정,유지,비교 근거 있음·조건 미실행,UI/CODE/HYP/UNTESTED,U02,실내·야외 구분은 존재. 비 오는 날 두 후보의 목적 달성 여부는 미확인.,실내 전시실 / 한옥 실내·마당,R03/R04,우천 시 실제 이용 가능한 공간·동선 확인,대표 UI 관찰+코드 검토를 동일 조건에 연결; 개별 합성 사례의 브라우저 실행 아님
S060,합성 조건 재대조·실제 참가자 아님,서촌,스태픽스 / 수성동 계곡,비가 오는 상황을 가정,유지,비교 근거 있음·조건 미실행,UI/CODE/HYP/UNTESTED,U02,실내·야외 구분은 존재. 비 오는 날 두 후보의 목적 달성 여부는 미확인.,실내·야외 테라스 / 야외 산책로,R03/R04,우천 시 실제 이용 가능한 공간·동선 확인,대표 UI 관찰+코드 검토를 동일 조건에 연결; 개별 합성 사례의 브라우저 실행 아님
S061,합성 조건 재대조·실제 참가자 아님,서촌,스태픽스 / 수성동 계곡,390px 폭의 작은 화면,반영,가림 개선·새 스크롤 마찰,UI/CODE/HYP,U01/U05/U06,첫 비용 행 가림 없음. 지도 이름 목록 마지막 두 곳은 내부 스크롤 아래.,"공통 UI 근거를 이 비교에도 적용한 가설이며, 별도의 사용자 세션은 실행하지 않음.",R06/R07,8번째 이름을 별도 설명 없이 찾을 수 있는지 관찰,대표 UI 관찰+코드 검토를 동일 조건에 연결; 개별 합성 사례의 브라우저 실행 아님
S062,합성 조건 재대조·실제 참가자 아님,안국,서울공예박물관 / 계동 배렴 가옥,추가 지출 없이 머물고 싶음,부분 반영,부분 개선·자료 부족,UI/CODE/HYP,U01/U02,비용 행은 읽을 수 있음. 구매 조건과 금액 미확인은 남음.,무료·대관전시 예외 / 프로그램별 확인,R02/R04,일반 이용 비용과 별도 프로그램 비용을 확인,대표 UI 관찰+코드 검토를 동일 조건에 연결; 개별 합성 사례의 브라우저 실행 아님
S063,합성 조건 재대조·실제 참가자 아님,안국,서울공예박물관 / 계동 배렴 가옥,목적을 아직 정하지 않음,반영,탐색 개선·둘 다 제외 경로 점검,UI/CODE/HYP,U02/U03,4가지 상황 바로 이동 있음. 두 후보 모두 조건에 맞지 않을 때 별도 설명 없음.,"공통 UI 근거를 이 비교에도 적용한 가설이며, 별도의 사용자 세션은 실행하지 않음.",R03/R06,두 후보를 제외한 뒤 다른 상황을 찾게 하는 과제 관찰,대표 UI 관찰+코드 검토를 동일 조건에 연결; 개별 합성 사례의 브라우저 실행 아님
S064,합성 조건 재대조·실제 참가자 아님,안국,서울공예박물관 / 계동 배렴 가옥,진행 중인 전시·행사를 찾음,부분 반영,공식 연결 일부·일정 미확인,CODE/HYP/UNTESTED,,공간 설명과 공식 링크 중심. 오늘 진행 중인 행사를 보장하지 않음.,이 비교에서 필요한 경험: 실내 전시실 / 한옥 실내·마당. 행사/좌석 필요성이 다른 쌍과 같은지 먼저 확인.,R02/R03/R11,해당 비교 목적에 행사 정보가 필요한지와 일정 링크 정확성 확인,대표 UI 관찰+코드 검토를 동일 조건에 연결; 개별 합성 사례의 브라우저 실행 아님
S065,합성 조건 재대조·실제 참가자 아님,서촌,대오서점 / 이상의 집,진행 중인 전시·행사를 찾음,부분 반영,공식 연결 일부·일정 미확인,CODE/HYP/UNTESTED,,공간 설명과 공식 링크 중심. 오늘 진행 중인 행사를 보장하지 않음.,이 비교에서 필요한 경험: 옛 서점 실내·마당 / 실내 기념공간. 행사/좌석 필요성이 다른 쌍과 같은지 먼저 확인.,R02/R03/R11,해당 비교 목적에 행사 정보가 필요한지와 일정 링크 정확성 확인,대표 UI 관찰+코드 검토를 동일 조건에 연결; 개별 합성 사례의 브라우저 실행 아님
S066,합성 조건 재대조·실제 참가자 아님,서촌,대오서점 / 이상의 집,목적을 아직 정하지 않음,반영,탐색 개선·둘 다 제외 경로 점검,UI/CODE/HYP,U02/U03,4가지 상황 바로 이동 있음. 두 후보 모두 조건에 맞지 않을 때 별도 설명 없음.,"공통 UI 근거를 이 비교에도 적용한 가설이며, 별도의 사용자 세션은 실행하지 않음.",R03/R06,두 후보를 제외한 뒤 다른 상황을 찾게 하는 과제 관찰,대표 UI 관찰+코드 검토를 동일 조건에 연결; 개별 합성 사례의 브라우저 실행 아님
S067,합성 조건 재대조·실제 참가자 아님,안국,서울공예박물관 / 계동 배렴 가옥,인터넷이 끊긴 상황을 가정,부분 반영,안내 구현·장애 미실행,CODE/UNTESTED,,연결 끊김·재시도·주소 정보 코드 있음. 최초 오프라인 로드와 복구 실행은 미확인.,"공통 UI 근거를 이 비교에도 적용한 가설이며, 별도의 사용자 세션은 실행하지 않음.",R05/R14,이미 연 상태와 최초 진입 실패를 나누어 확인,대표 UI 관찰+코드 검토를 동일 조건에 연결; 개별 합성 사례의 브라우저 실행 아님
S068,합성 조건 재대조·실제 참가자 아님,서촌,스태픽스 / 수성동 계곡,나중에 다시 방문할 계획,반영,링크 구현·미래 정보 보완,CODE/HYP/UNTESTED,,장소 hash 링크·복사 코드 있음. 임시 안내 유효기간 관리와 비교 맥락 공유는 부족.,"공통 UI 근거를 이 비교에도 적용한 가설이며, 별도의 사용자 세션은 실행하지 않음.",R11/R12,다른 날짜 재방문 및 직접 링크 재진입 확인,대표 UI 관찰+코드 검토를 동일 조건에 연결; 개별 합성 사례의 브라우저 실행 아님
S069,합성 조건 재대조·실제 참가자 아님,서촌,스태픽스 / 수성동 계곡,큰 글씨를 선호함,반영,기본 가독성 개선·확대 미실행,UI/CODE/UNTESTED,U01/U07,비교 값15px. 320px 가로 넘침은 없었으나 지도 주의문12px이고 실제 큰 글씨 미실행.,"공통 UI 근거를 이 비교에도 적용한 가설이며, 별도의 사용자 세션은 실행하지 않음.",R06/R07/R09,기기 글자 확대와 브라우저 확대를 별도로 확인,대표 UI 관찰+코드 검토를 동일 조건에 연결; 개별 합성 사례의 브라우저 실행 아님
S070,합성 조건 재대조·실제 참가자 아님,안국,서울공예박물관 / 계동 배렴 가옥,키보드로 지도 핀 조작,반영,활성화 개선·전환 초점 잔여,UI/CODE/UNTESTED,U05/U06/U07/U08/U11,스태픽스 핀 Enter·수성동 핀 Space 선택과 초점 유지 확인. 목록→지도 후 BODY 초점은 남음.,"공통 UI 근거를 이 비교에도 적용한 가설이며, 별도의 사용자 세션은 실행하지 않음.",R07/R08,지도 진입·선택·상세·목록 복귀 전체 초점 순서 확인,대표 UI 관찰+코드 검토를 동일 조건에 연결; 개별 합성 사례의 브라우저 실행 아님
S071,합성 조건 재대조·실제 참가자 아님,서촌,대오서점 / 이상의 집,긴 걷기를 피하고 싶음,부분 반영,부분 개선·경로 미확인,UI/CODE/HYP/UNTESTED,U05,축척·이름 지도 있음. 출발점·입구·경사 포함 실제 보행 부담은 판단 불가.,이상의 집은 대략적 좌표이며 점선 핀으로 표시,R04/R09/R13,외부 지도에서 출발점을 설정하고 경로 확인하는 흐름 관찰,대표 UI 관찰+코드 검토를 동일 조건에 연결; 개별 합성 사례의 브라우저 실행 아님
S072,합성 조건 재대조·실제 참가자 아님,서촌,대오서점 / 이상의 집,현재 위치에서 가까운 곳 선호,부분 반영,위치 비교 개선·출발점 없음,UI/CODE/HYP/UNTESTED,U05/U09,지도 이름·축척으로 상대 위치를 볼 수 있음. 현재 위치·실제 도보 경로는 없음.,"공통 UI 근거를 이 비교에도 적용한 가설이며, 별도의 사용자 세션은 실행하지 않음.",R04/R13,외부 경로 확인의 발견성과 앱 왕복 관찰,대표 UI 관찰+코드 검토를 동일 조건에 연결; 개별 합성 사례의 브라우저 실행 아님
S073,합성 조건 재대조·실제 참가자 아님,안국,서울공예박물관 / 계동 배렴 가옥,느린 데이터 연결을 가정,부분 반영,새 비용 확인·지연 미실행,CODE/HYP/UNTESTED,,지도 JS와 글꼴 파일이 큼. 목록이 지도 defer 스크립트 순서 뒤에 위치. 실제 대기시간 미측정.,"공통 UI 근거를 이 비교에도 적용한 가설이며, 별도의 사용자 세션은 실행하지 않음.",R05/R14,느린 통신에서 목록 독립 로딩 및 지도 지연 후 회복 측정,대표 UI 관찰+코드 검토를 동일 조건에 연결; 개별 합성 사례의 브라우저 실행 아님
S074,합성 조건 재대조·실제 참가자 아님,안국,어니언 안국 / 정독도서관,키보드로 지도 핀 조작,반영,활성화 개선·전환 초점 잔여,UI/CODE/UNTESTED,U05/U06/U07/U08/U11,스태픽스 핀 Enter·수성동 핀 Space 선택과 초점 유지 확인. 목록→지도 후 BODY 초점은 남음.,"공통 UI 근거를 이 비교에도 적용한 가설이며, 별도의 사용자 세션은 실행하지 않음.",R07/R08,지도 진입·선택·상세·목록 복귀 전체 초점 순서 확인,대표 UI 관찰+코드 검토를 동일 조건에 연결; 개별 합성 사례의 브라우저 실행 아님
S075,합성 조건 재대조·실제 참가자 아님,안국,어니언 안국 / 정독도서관,큰 글씨를 선호함,반영,기본 가독성 개선·확대 미실행,UI/CODE/UNTESTED,U01/U07,비교 값15px. 320px 가로 넘침은 없었으나 지도 주의문12px이고 실제 큰 글씨 미실행.,"공통 UI 근거를 이 비교에도 적용한 가설이며, 별도의 사용자 세션은 실행하지 않음.",R06/R07/R09,기기 글자 확대와 브라우저 확대를 별도로 확인,대표 UI 관찰+코드 검토를 동일 조건에 연결; 개별 합성 사례의 브라우저 실행 아님
S076,합성 조건 재대조·실제 참가자 아님,안국,어니언 안국 / 정독도서관,동행자와 선택을 상의함,반영,전환 개선·비교 공유 잔여,UI/CODE/HYP,U03/U04/U05,상대 상세·두 장소 전환 작동. 링크 복사는 현재 장소만 유지.,"공통 UI 근거를 이 비교에도 적용한 가설이며, 별도의 사용자 세션은 실행하지 않음.",R01/R12,장소 하나/두 곳 비교 중 무엇을 보내려 하는지 확인,대표 UI 관찰+코드 검토를 동일 조건에 연결; 개별 합성 사례의 브라우저 실행 아님
S077,합성 조건 재대조·실제 참가자 아님,안국,서울공예박물관 / 계동 배렴 가옥,큰 글씨를 선호함,반영,기본 가독성 개선·확대 미실행,UI/CODE/UNTESTED,U01/U07,비교 값15px. 320px 가로 넘침은 없었으나 지도 주의문12px이고 실제 큰 글씨 미실행.,"공통 UI 근거를 이 비교에도 적용한 가설이며, 별도의 사용자 세션은 실행하지 않음.",R06/R07/R09,기기 글자 확대와 브라우저 확대를 별도로 확인,대표 UI 관찰+코드 검토를 동일 조건에 연결; 개별 합성 사례의 브라우저 실행 아님
S078,합성 조건 재대조·실제 참가자 아님,서촌,대오서점 / 이상의 집,한 손 사용,반영,가림 개선·도달성 미실행,UI/CODE/HYP/UNTESTED,U01/U05/U06,내용 가림 제거. 상단 전환·하단 내부 스크롤의 엄지 도달성은 미확인.,"공통 UI 근거를 이 비교에도 적용한 가설이며, 별도의 사용자 세션은 실행하지 않음.",R07,실제 한 손으로 지역 전환·마지막 장소 선택 관찰,대표 UI 관찰+코드 검토를 동일 조건에 연결; 개별 합성 사례의 브라우저 실행 아님
S079,합성 조건 재대조·실제 참가자 아님,안국,서울공예박물관 / 계동 배렴 가옥,긴 걷기를 피하고 싶음,부분 반영,부분 개선·경로 미확인,UI/CODE/HYP/UNTESTED,U05,축척·이름 지도 있음. 출발점·입구·경사 포함 실제 보행 부담은 판단 불가.,장소 대표 좌표이며 실제 입구 확정 정보 없음,R04/R09/R13,외부 지도에서 출발점을 설정하고 경로 확인하는 흐름 관찰,대표 UI 관찰+코드 검토를 동일 조건에 연결; 개별 합성 사례의 브라우저 실행 아님
S080,합성 조건 재대조·실제 참가자 아님,안국,서울공예박물관 / 계동 배렴 가옥,한 손 사용,반영,가림 개선·도달성 미실행,UI/CODE/HYP/UNTESTED,U01/U05/U06,내용 가림 제거. 상단 전환·하단 내부 스크롤의 엄지 도달성은 미확인.,"공통 UI 근거를 이 비교에도 적용한 가설이며, 별도의 사용자 세션은 실행하지 않음.",R07,실제 한 손으로 지역 전환·마지막 장소 선택 관찰,대표 UI 관찰+코드 검토를 동일 조건에 연결; 개별 합성 사례의 브라우저 실행 아님
S081,합성 조건 재대조·실제 참가자 아님,안국,서울공예박물관 / 계동 배렴 가옥,유모차 동반,부분 반영,부분 개선·현장 미확인,CODE/HYP/UNTESTED,,방문 제약 요약은 존재. 출입 가능 경로를 보장할 자료는 부족.,"박물관 시설 안내와 문의 제공, 배렴 가옥 문턱·마당 동선 확인 필요",R02/R04,입구·단차·경사·이용 구간 현장 확인,대표 UI 관찰+코드 검토를 동일 조건에 연결; 개별 합성 사례의 브라우저 실행 아님
S082,합성 조건 재대조·실제 참가자 아님,서촌,대오서점 / 이상의 집,초행·시간 여유·경험 비교,유지·정리,개선 유지·판단 정보 보완,UI/CODE/HYP,U01/U02/U03,사진과 공통 비교는 유지. 운영·제약 대조는 상세 왕복 필요.,옛 서점 실내·마당 / 실내 기념공간,R01/R06/R10,두 곳의 차이와 방문 제약을 목록에서 설명할 수 있는지 관찰,대표 UI 관찰+코드 검토를 동일 조건에 연결; 개별 합성 사례의 브라우저 실행 아님
S083,합성 조건 재대조·실제 참가자 아님,안국,서울공예박물관 / 계동 배렴 가옥,외부 지도에서 경로를 바로 기대,반영,문구 개선·외부 실행 미확인,UI/CODE/UNTESTED,U03,네이버 지도에서 보기 문구와 장소 검색 URL이 일치. 외부 앱 왕복 미실행.,"공통 UI 근거를 이 비교에도 적용한 가설이며, 별도의 사용자 세션은 실행하지 않음.",R04/R13,폰에서 검색→출발점 설정→경로→앱 복귀 관찰,대표 UI 관찰+코드 검토를 동일 조건에 연결; 개별 합성 사례의 브라우저 실행 아님
S084,합성 조건 재대조·실제 참가자 아님,서촌,대오서점 / 이상의 집,한국어가 익숙하지 않음,보류,수요·이해도 미확인,CODE/HYP/UNTESTED,,한국어 중심이며 번역은 없음. 언어 수요 조사 없이 다국어 기능을 추가하지 않음.,"공통 UI 근거를 이 비교에도 적용한 가설이며, 별도의 사용자 세션은 실행하지 않음.",,필요 언어와 비용·운영 조건 이해도부터 조사,대표 UI 관찰+코드 검토를 동일 조건에 연결; 개별 합성 사례의 브라우저 실행 아님
S085,합성 조건 재대조·실제 참가자 아님,서촌,스태픽스 / 수성동 계곡,동네에 익숙한 재방문자,반영,탐색 개선·중복 잔여,UI/CODE/HYP,U01/U02/U10,상황 바로 이동은 작동. 지도와 연결되지 않는 A/B 및 반복 설명이 남음.,실내·야외 테라스 / 야외 산책로,R06/R11,알고 있는 장소에서 달라진 운영 정보만 쉽게 찾는지 관찰,대표 UI 관찰+코드 검토를 동일 조건에 연결; 개별 합성 사례의 브라우저 실행 아님
S086,합성 조건 재대조·실제 참가자 아님,안국,어니언 안국 / 정독도서관,약속까지 30분 남음,반영,부분 개선·잔여,UI/CODE/HYP,U02/U03/U05,운영 요약은 상세 상단에 있음. 목록·지도에서는 운영과 공통 휴무가 안 보임.,카페와 도서관의 서로 다른 운영시간은 각각 상세에서 확인,R01/R02/R03,짧은 시간에 양쪽 운영을 대조하는 실제 조작 관찰,대표 UI 관찰+코드 검토를 동일 조건에 연결; 개별 합성 사례의 브라우저 실행 아님
S087,합성 조건 재대조·실제 참가자 아님,안국,서울공예박물관 / 계동 배렴 가옥,동네에 익숙한 재방문자,반영,탐색 개선·중복 잔여,UI/CODE/HYP,U01/U02/U10,상황 바로 이동은 작동. 지도와 연결되지 않는 A/B 및 반복 설명이 남음.,실내 전시실 / 한옥 실내·마당,R06/R11,알고 있는 장소에서 달라진 운영 정보만 쉽게 찾는지 관찰,대표 UI 관찰+코드 검토를 동일 조건에 연결; 개별 합성 사례의 브라우저 실행 아님
S088,합성 조건 재대조·실제 참가자 아님,안국,어니언 안국 / 정독도서관,한 손 사용,반영,가림 개선·도달성 미실행,UI/CODE/HYP/UNTESTED,U01/U05/U06,내용 가림 제거. 상단 전환·하단 내부 스크롤의 엄지 도달성은 미확인.,"공통 UI 근거를 이 비교에도 적용한 가설이며, 별도의 사용자 세션은 실행하지 않음.",R07,실제 한 손으로 지역 전환·마지막 장소 선택 관찰,대표 UI 관찰+코드 검토를 동일 조건에 연결; 개별 합성 사례의 브라우저 실행 아님
S089,합성 조건 재대조·실제 참가자 아님,안국,서울공예박물관 / 계동 배렴 가옥,한국어가 익숙하지 않음,보류,수요·이해도 미확인,CODE/HYP/UNTESTED,,한국어 중심이며 번역은 없음. 언어 수요 조사 없이 다국어 기능을 추가하지 않음.,"공통 UI 근거를 이 비교에도 적용한 가설이며, 별도의 사용자 세션은 실행하지 않음.",,필요 언어와 비용·운영 조건 이해도부터 조사,대표 UI 관찰+코드 검토를 동일 조건에 연결; 개별 합성 사례의 브라우저 실행 아님
S090,합성 조건 재대조·실제 참가자 아님,서촌,스태픽스 / 수성동 계곡,잠깐 앉아 쉴 자리 필요,보류,공간 비교 있음·좌석 조건 부족,CODE/HYP/UNTESTED,,실내/마당/산책로 정보는 있음. 앉을 수 있음·대화 가능·이용 조건은 별도 문제.,이 비교에서 필요한 경험: 실내·야외 테라스 / 야외 산책로. 행사/좌석 필요성이 다른 쌍과 같은지 먼저 확인.,R03/R04,앉기·대화·조용한 열람 중 실제 목적과 좌석 이용 조건 확인,대표 UI 관찰+코드 검토를 동일 조건에 연결; 개별 합성 사례의 브라우저 실행 아님
S091,합성 조건 재대조·실제 참가자 아님,서촌,대오서점 / 이상의 집,약속까지 30분 남음,반영,부분 개선·잔여,UI/CODE/HYP,U02/U03/U05,운영 요약은 상세 상단에 있음. 목록·지도에서는 운영과 공통 휴무가 안 보임.,"대오서점 출처별 시간 확인 필요, 이상의 집 월요일 휴관 안내",R01/R02/R03,짧은 시간에 양쪽 운영을 대조하는 실제 조작 관찰,대표 UI 관찰+코드 검토를 동일 조건에 연결; 개별 합성 사례의 브라우저 실행 아님
S092,합성 조건 재대조·실제 참가자 아님,서촌,스태픽스 / 수성동 계곡,계단 없는 이동이 필요함,부분 반영,부분 개선·현장 미확인,CODE/HYP/UNTESTED,,계단 없는 동선은 여러 장소에서 사전 확인 요구. 실제 접근성 미확인.,"카페 언덕 및 편의시설 정보 충돌, 계곡의 경사·이용 구간 확인 필요",R02/R04,운영기관의 확인된 동선과 미확인 항목 분리,대표 UI 관찰+코드 검토를 동일 조건에 연결; 개별 합성 사례의 브라우저 실행 아님
S093,합성 조건 재대조·실제 참가자 아님,안국,서울공예박물관 / 계동 배렴 가옥,계단 없는 이동이 필요함,부분 반영,부분 개선·현장 미확인,CODE/HYP/UNTESTED,,계단 없는 동선은 여러 장소에서 사전 확인 요구. 실제 접근성 미확인.,"박물관 시설 안내와 문의 제공, 배렴 가옥 문턱·마당 동선 확인 필요",R02/R04,운영기관의 확인된 동선과 미확인 항목 분리,대표 UI 관찰+코드 검토를 동일 조건에 연결; 개별 합성 사례의 브라우저 실행 아님
S094,합성 조건 재대조·실제 참가자 아님,안국,어니언 안국 / 정독도서관,목적을 아직 정하지 않음,반영,탐색 개선·둘 다 제외 경로 점검,UI/CODE/HYP,U02/U03,4가지 상황 바로 이동 있음. 두 후보 모두 조건에 맞지 않을 때 별도 설명 없음.,"공통 UI 근거를 이 비교에도 적용한 가설이며, 별도의 사용자 세션은 실행하지 않음.",R03/R06,두 후보를 제외한 뒤 다른 상황을 찾게 하는 과제 관찰,대표 UI 관찰+코드 검토를 동일 조건에 연결; 개별 합성 사례의 브라우저 실행 아님
S095,합성 조건 재대조·실제 참가자 아님,안국,서울공예박물관 / 계동 배렴 가옥,390px 폭의 작은 화면,반영,가림 개선·새 스크롤 마찰,UI/CODE/HYP,U01/U05/U06,첫 비용 행 가림 없음. 지도 이름 목록 마지막 두 곳은 내부 스크롤 아래.,"공통 UI 근거를 이 비교에도 적용한 가설이며, 별도의 사용자 세션은 실행하지 않음.",R06/R07,8번째 이름을 별도 설명 없이 찾을 수 있는지 관찰,대표 UI 관찰+코드 검토를 동일 조건에 연결; 개별 합성 사례의 브라우저 실행 아님
S096,합성 조건 재대조·실제 참가자 아님,서촌,대오서점 / 이상의 집,야외 강한 햇빛을 가정,부분 반영,개선 일부·환경 미실행,UI/CODE/UNTESTED,U05,선택 색·이름 표시는 있음. 실제 햇빛에서 읽기·명암은 미확인.,"공통 UI 근거를 이 비교에도 적용한 가설이며, 별도의 사용자 세션은 실행하지 않음.",R09,야외에서 지도명·주의문 읽기와 조작 확인,대표 UI 관찰+코드 검토를 동일 조건에 연결; 개별 합성 사례의 브라우저 실행 아님
S097,합성 조건 재대조·실제 참가자 아님,서촌,스태픽스 / 수성동 계곡,느린 데이터 연결을 가정,부분 반영,새 비용 확인·지연 미실행,CODE/HYP/UNTESTED,,지도 JS와 글꼴 파일이 큼. 목록이 지도 defer 스크립트 순서 뒤에 위치. 실제 대기시간 미측정.,"공통 UI 근거를 이 비교에도 적용한 가설이며, 별도의 사용자 세션은 실행하지 않음.",R05/R14,느린 통신에서 목록 독립 로딩 및 지도 지연 후 회복 측정,대표 UI 관찰+코드 검토를 동일 조건에 연결; 개별 합성 사례의 브라우저 실행 아님
S098,합성 조건 재대조·실제 참가자 아님,서촌,대오서점 / 이상의 집,정보 출처를 중요하게 봄,유지·정리,출처 유지·유효성 보완,UI/CODE/HYP,U03,출처·확인일은 접힌 운영 안내에 있음. 항목별 미확인과 임시 정보 만료 관리 필요.,"대오서점 출처별 시간 확인 필요, 이상의 집 월요일 휴관 안내; 음료 또는 관람 엽서 구매 / 최신 관람료 확인 필요",R02/R11,자료 확인일과 실시간/현장 확인의 차이를 이해하는지 관찰,대표 UI 관찰+코드 검토를 동일 조건에 연결; 개별 합성 사례의 브라우저 실행 아님
S099,합성 조건 재대조·실제 참가자 아님,안국,서울공예박물관 / 계동 배렴 가옥,동행자와 선택을 상의함,반영,전환 개선·비교 공유 잔여,UI/CODE/HYP,U03/U04/U05,상대 상세·두 장소 전환 작동. 링크 복사는 현재 장소만 유지.,"공통 UI 근거를 이 비교에도 적용한 가설이며, 별도의 사용자 세션은 실행하지 않음.",R01/R12,장소 하나/두 곳 비교 중 무엇을 보내려 하는지 확인,대표 UI 관찰+코드 검토를 동일 조건에 연결; 개별 합성 사례의 브라우저 실행 아님
S100,합성 조건 재대조·실제 참가자 아님,서촌,스태픽스 / 수성동 계곡,키보드로 지도 핀 조작,반영,활성화 개선·전환 초점 잔여,UI/CODE/UNTESTED,U05/U06/U07/U08/U11,스태픽스 핀 Enter·수성동 핀 Space 선택과 초점 유지 확인. 목록→지도 후 BODY 초점은 남음.,"공통 UI 근거를 이 비교에도 적용한 가설이며, 별도의 사용자 세션은 실행하지 않음.",R07/R08,지도 진입·선택·상세·목록 복귀 전체 초점 순서 확인,대표 UI 관찰+코드 검토를 동일 조건에 연결; 개별 합성 사례의 브라우저 실행 아님
