사례ID,평가유형,지역,비교쌍,사용조건_가정,관련문제ID,v20_구현,판정범위,남은확인,현장_실제참가자,개별사례_브라우저세션,공통관찰
S001,기존 합성 조건에 대한 구현 대응 기록,안국,어니언 안국 / 정독도서관,인터넷이 끊긴 상황을 가정,R05/R14,"R05: 지도 JS/CSS 지연 로드, 사진 WebP, 글꼴 서브셋; R14: 로딩 지연과 오류 분리, 늦게 성공하면 지연 안내 해제",구현 대응; 사례별 사용 성공·만족도 판정 아님,이미 연 상태와 최초 진입 실패를 나누어 확인,없음,실행하지 않음,UPGRADE_V20.md에 명시한 대표 화면 미리보기만 공유
S002,기존 합성 조건에 대한 구현 대응 기록,서촌,대오서점 / 이상의 집,390px 폭의 작은 화면,R06/R07,"R06: 비교 번호·A/B·반복 분류/공간 행 제거; R07: 지도 카드 가변 높이, 목록이 넘칠 때 스크롤 안내",구현 대응; 사례별 사용 성공·만족도 판정 아님,8번째 이름을 별도 설명 없이 찾을 수 있는지 관찰,없음,실행하지 않음,UPGRADE_V20.md에 명시한 대표 화면 미리보기만 공유
S003,기존 합성 조건에 대한 구현 대응 기록,서촌,스태픽스 / 수성동 계곡,인터넷이 끊긴 상황을 가정,R05/R14,"R05: 지도 JS/CSS 지연 로드, 사진 WebP, 글꼴 서브셋; R14: 로딩 지연과 오류 분리, 늦게 성공하면 지연 안내 해제",구현 대응; 사례별 사용 성공·만족도 판정 아님,이미 연 상태와 최초 진입 실패를 나누어 확인,없음,실행하지 않음,UPGRADE_V20.md에 명시한 대표 화면 미리보기만 공유
S004,기존 합성 조건에 대한 구현 대응 기록,서촌,스태픽스 / 수성동 계곡,야외 강한 햇빛을 가정,R09,"R09: 지도 카드 운영 정보·14px 안내, 일반 좌표 설명 상세 이동",구현 대응; 사례별 사용 성공·만족도 판정 아님,야외에서 지도명·주의문 읽기와 조작 확인,없음,실행하지 않음,UPGRADE_V20.md에 명시한 대표 화면 미리보기만 공유
S005,기존 합성 조건에 대한 구현 대응 기록,서촌,스태픽스 / 수성동 계곡,동행자와 선택을 상의함,R01/R12,R01: 비교 표·지도 카드에 기본 운영·휴관 배치; R12: 두 장소가 유지되는 비교 링크 복사와 수동 복사 대안,구현 대응; 사례별 사용 성공·만족도 판정 아님,장소 하나/두 곳 비교 중 무엇을 보내려 하는지 확인,없음,실행하지 않음,UPGRADE_V20.md에 명시한 대표 화면 미리보기만 공유
S006,기존 합성 조건에 대한 구현 대응 기록,서촌,대오서점 / 이상의 집,잠깐 앉아 쉴 자리 필요,R03/R04,"R03: 공예박물관·배렴 공통 휴관 안내, 다른 상황 선택; R04: 이용 방식·구매/예약 조건과 미확인 사항 분리; 현장 동선·가격은 잔여",구현 대응; 사례별 사용 성공·만족도 판정 아님,앉기·대화·조용한 열람 중 실제 목적과 좌석 이용 조건 확인,없음,실행하지 않음,UPGRADE_V20.md에 명시한 대표 화면 미리보기만 공유
S007,기존 합성 조건에 대한 구현 대응 기록,안국,어니언 안국 / 정독도서관,현재 위치에서 가까운 곳 선호,R04/R13,"R04: 이용 방식·구매/예약 조건과 미확인 사항 분리; 현장 동선·가격은 잔여; R13: 지역별 지도 초기화 이름, 외부 지도에서 경로 설정 안내",구현 대응; 사례별 사용 성공·만족도 판정 아님,외부 경로 확인의 발견성과 앱 왕복 관찰,없음,실행하지 않음,UPGRADE_V20.md에 명시한 대표 화면 미리보기만 공유
S008,기존 합성 조건에 대한 구현 대응 기록,안국,어니언 안국 / 정독도서관,390px 폭의 작은 화면,R06/R07,"R06: 비교 번호·A/B·반복 분류/공간 행 제거; R07: 지도 카드 가변 높이, 목록이 넘칠 때 스크롤 안내",구현 대응; 사례별 사용 성공·만족도 판정 아님,8번째 이름을 별도 설명 없이 찾을 수 있는지 관찰,없음,실행하지 않음,UPGRADE_V20.md에 명시한 대표 화면 미리보기만 공유
S009,기존 합성 조건에 대한 구현 대응 기록,안국,어니언 안국 / 정독도서관,긴 걷기를 피하고 싶음,R04/R09/R13,"R04: 이용 방식·구매/예약 조건과 미확인 사항 분리; 현장 동선·가격은 잔여; R09: 지도 카드 운영 정보·14px 안내, 일반 좌표 설명 상세 이동; R13: 지역별 지도 초기화 이름, 외부 지도에서 경로 설정 안내",구현 대응; 사례별 사용 성공·만족도 판정 아님,외부 지도에서 출발점을 설정하고 경로 확인하는 흐름 관찰,없음,실행하지 않음,UPGRADE_V20.md에 명시한 대표 화면 미리보기만 공유
S010,기존 합성 조건에 대한 구현 대응 기록,서촌,대오서점 / 이상의 집,외부 지도에서 경로를 바로 기대,R04/R13,"R04: 이용 방식·구매/예약 조건과 미확인 사항 분리; 현장 동선·가격은 잔여; R13: 지역별 지도 초기화 이름, 외부 지도에서 경로 설정 안내",구현 대응; 사례별 사용 성공·만족도 판정 아님,폰에서 검색→출발점 설정→경로→앱 복귀 관찰,없음,실행하지 않음,UPGRADE_V20.md에 명시한 대표 화면 미리보기만 공유
S011,기존 합성 조건에 대한 구현 대응 기록,안국,어니언 안국 / 정독도서관,한국어가 익숙하지 않음,,수요 근거 부족으로 기능 추가 없음,구현 대응; 사례별 사용 성공·만족도 판정 아님,필요 언어와 비용·운영 조건 이해도부터 조사,없음,실행하지 않음,UPGRADE_V20.md에 명시한 대표 화면 미리보기만 공유
S012,기존 합성 조건에 대한 구현 대응 기록,안국,어니언 안국 / 정독도서관,진행 중인 전시·행사를 찾음,R02/R03/R11,"R02: 비교와 상세 요약에 관련 출처 링크, 확인된 3곳 대표 전화; R03: 공예박물관·배렴 공통 휴관 안내, 다른 상황 선택; R11: 장소별 확인 범위·날짜/재확인 필요 구분, 임시 안내 기간 분리",구현 대응; 사례별 사용 성공·만족도 판정 아님,해당 비교 목적에 행사 정보가 필요한지와 일정 링크 정확성 확인,없음,실행하지 않음,UPGRADE_V20.md에 명시한 대표 화면 미리보기만 공유
S013,기존 합성 조건에 대한 구현 대응 기록,서촌,대오서점 / 이상의 집,계단 없는 이동이 필요함,R02/R04,"R02: 비교와 상세 요약에 관련 출처 링크, 확인된 3곳 대표 전화; R04: 이용 방식·구매/예약 조건과 미확인 사항 분리; 현장 동선·가격은 잔여",구현 대응; 사례별 사용 성공·만족도 판정 아님,운영기관의 확인된 동선과 미확인 항목 분리,없음,실행하지 않음,UPGRADE_V20.md에 명시한 대표 화면 미리보기만 공유
S014,기존 합성 조건에 대한 구현 대응 기록,안국,서울공예박물관 / 계동 배렴 가옥,사진으로 현장 입구를 찾음,R04/R10,"R04: 이용 방식·구매/예약 조건과 미확인 사항 분리; 현장 동선·가격은 잔여; R10: 사진 설명·출처 유지, 실제 입구 사진 추가 확보는 잔여",구현 대응; 사례별 사용 성공·만족도 판정 아님,출입구를 식별할 사진·좌표·단차를 확인,없음,실행하지 않음,UPGRADE_V20.md에 명시한 대표 화면 미리보기만 공유
S015,기존 합성 조건에 대한 구현 대응 기록,안국,서울공예박물관 / 계동 배렴 가옥,현재 위치에서 가까운 곳 선호,R04/R13,"R04: 이용 방식·구매/예약 조건과 미확인 사항 분리; 현장 동선·가격은 잔여; R13: 지역별 지도 초기화 이름, 외부 지도에서 경로 설정 안내",구현 대응; 사례별 사용 성공·만족도 판정 아님,외부 경로 확인의 발견성과 앱 왕복 관찰,없음,실행하지 않음,UPGRADE_V20.md에 명시한 대표 화면 미리보기만 공유
S016,기존 합성 조건에 대한 구현 대응 기록,서촌,대오서점 / 이상의 집,큰 글씨를 선호함,R06/R07/R09,"R06: 비교 번호·A/B·반복 분류/공간 행 제거; R07: 지도 카드 가변 높이, 목록이 넘칠 때 스크롤 안내; R09: 지도 카드 운영 정보·14px 안내, 일반 좌표 설명 상세 이동",구현 대응; 사례별 사용 성공·만족도 판정 아님,기기 글자 확대와 브라우저 확대를 별도로 확인,없음,실행하지 않음,UPGRADE_V20.md에 명시한 대표 화면 미리보기만 공유
S017,기존 합성 조건에 대한 구현 대응 기록,안국,어니언 안국 / 정독도서관,야외 강한 햇빛을 가정,R09,"R09: 지도 카드 운영 정보·14px 안내, 일반 좌표 설명 상세 이동",구현 대응; 사례별 사용 성공·만족도 판정 아님,야외에서 지도명·주의문 읽기와 조작 확인,없음,실행하지 않음,UPGRADE_V20.md에 명시한 대표 화면 미리보기만 공유
S018,기존 합성 조건에 대한 구현 대응 기록,서촌,대오서점 / 이상의 집,느린 데이터 연결을 가정,R05/R14,"R05: 지도 JS/CSS 지연 로드, 사진 WebP, 글꼴 서브셋; R14: 로딩 지연과 오류 분리, 늦게 성공하면 지연 안내 해제",구현 대응; 사례별 사용 성공·만족도 판정 아님,느린 통신에서 목록 독립 로딩 및 지도 지연 후 회복 측정,없음,실행하지 않음,UPGRADE_V20.md에 명시한 대표 화면 미리보기만 공유
S019,기존 합성 조건에 대한 구현 대응 기록,서촌,스태픽스 / 수성동 계곡,초행·시간 여유·경험 비교,R01/R06/R10,"R01: 비교 표·지도 카드에 기본 운영·휴관 배치; R06: 비교 번호·A/B·반복 분류/공간 행 제거; R10: 사진 설명·출처 유지, 실제 입구 사진 추가 확보는 잔여",구현 대응; 사례별 사용 성공·만족도 판정 아님,두 곳의 차이와 방문 제약을 목록에서 설명할 수 있는지 관찰,없음,실행하지 않음,UPGRADE_V20.md에 명시한 대표 화면 미리보기만 공유
S020,기존 합성 조건에 대한 구현 대응 기록,서촌,대오서점 / 이상의 집,동네에 익숙한 재방문자,R06/R11,"R06: 비교 번호·A/B·반복 분류/공간 행 제거; R11: 장소별 확인 범위·날짜/재확인 필요 구분, 임시 안내 기간 분리",구현 대응; 사례별 사용 성공·만족도 판정 아님,알고 있는 장소에서 달라진 운영 정보만 쉽게 찾는지 관찰,없음,실행하지 않음,UPGRADE_V20.md에 명시한 대표 화면 미리보기만 공유
S021,기존 합성 조건에 대한 구현 대응 기록,안국,어니언 안국 / 정독도서관,외부 지도에서 경로를 바로 기대,R04/R13,"R04: 이용 방식·구매/예약 조건과 미확인 사항 분리; 현장 동선·가격은 잔여; R13: 지역별 지도 초기화 이름, 외부 지도에서 경로 설정 안내",구현 대응; 사례별 사용 성공·만족도 판정 아님,폰에서 검색→출발점 설정→경로→앱 복귀 관찰,없음,실행하지 않음,UPGRADE_V20.md에 명시한 대표 화면 미리보기만 공유
S022,기존 합성 조건에 대한 구현 대응 기록,안국,어니언 안국 / 정독도서관,동네에 익숙한 재방문자,R06/R11,"R06: 비교 번호·A/B·반복 분류/공간 행 제거; R11: 장소별 확인 범위·날짜/재확인 필요 구분, 임시 안내 기간 분리",구현 대응; 사례별 사용 성공·만족도 판정 아님,알고 있는 장소에서 달라진 운영 정보만 쉽게 찾는지 관찰,없음,실행하지 않음,UPGRADE_V20.md에 명시한 대표 화면 미리보기만 공유
S023,기존 합성 조건에 대한 구현 대응 기록,안국,어니언 안국 / 정독도서관,정보 출처를 중요하게 봄,R02/R11,"R02: 비교와 상세 요약에 관련 출처 링크, 확인된 3곳 대표 전화; R11: 장소별 확인 범위·날짜/재확인 필요 구분, 임시 안내 기간 분리",구현 대응; 사례별 사용 성공·만족도 판정 아님,자료 확인일과 실시간/현장 확인의 차이를 이해하는지 관찰,없음,실행하지 않음,UPGRADE_V20.md에 명시한 대표 화면 미리보기만 공유
S024,기존 합성 조건에 대한 구현 대응 기록,안국,어니언 안국 / 정독도서관,비가 오는 상황을 가정,R03/R04,"R03: 공예박물관·배렴 공통 휴관 안내, 다른 상황 선택; R04: 이용 방식·구매/예약 조건과 미확인 사항 분리; 현장 동선·가격은 잔여",구현 대응; 사례별 사용 성공·만족도 판정 아님,우천 시 실제 이용 가능한 공간·동선 확인,없음,실행하지 않음,UPGRADE_V20.md에 명시한 대표 화면 미리보기만 공유
S025,기존 합성 조건에 대한 구현 대응 기록,안국,서울공예박물관 / 계동 배렴 가옥,잠깐 앉아 쉴 자리 필요,R03/R04,"R03: 공예박물관·배렴 공통 휴관 안내, 다른 상황 선택; R04: 이용 방식·구매/예약 조건과 미확인 사항 분리; 현장 동선·가격은 잔여",구현 대응; 사례별 사용 성공·만족도 판정 아님,앉기·대화·조용한 열람 중 실제 목적과 좌석 이용 조건 확인,없음,실행하지 않음,UPGRADE_V20.md에 명시한 대표 화면 미리보기만 공유
S026,기존 합성 조건에 대한 구현 대응 기록,서촌,대오서점 / 이상의 집,나중에 다시 방문할 계획,R11/R12,"R11: 장소별 확인 범위·날짜/재확인 필요 구분, 임시 안내 기간 분리; R12: 두 장소가 유지되는 비교 링크 복사와 수동 복사 대안",구현 대응; 사례별 사용 성공·만족도 판정 아님,다른 날짜 재방문 및 직접 링크 재진입 확인,없음,실행하지 않음,UPGRADE_V20.md에 명시한 대표 화면 미리보기만 공유
S027,기존 합성 조건에 대한 구현 대응 기록,안국,서울공예박물관 / 계동 배렴 가옥,약속까지 30분 남음,R01/R02/R03,"R01: 비교 표·지도 카드에 기본 운영·휴관 배치; R02: 비교와 상세 요약에 관련 출처 링크, 확인된 3곳 대표 전화; R03: 공예박물관·배렴 공통 휴관 안내, 다른 상황 선택",구현 대응; 사례별 사용 성공·만족도 판정 아님,짧은 시간에 양쪽 운영을 대조하는 실제 조작 관찰,없음,실행하지 않음,UPGRADE_V20.md에 명시한 대표 화면 미리보기만 공유
S028,기존 합성 조건에 대한 구현 대응 기록,안국,어니언 안국 / 정독도서관,사진으로 현장 입구를 찾음,R04/R10,"R04: 이용 방식·구매/예약 조건과 미확인 사항 분리; 현장 동선·가격은 잔여; R10: 사진 설명·출처 유지, 실제 입구 사진 추가 확보는 잔여",구현 대응; 사례별 사용 성공·만족도 판정 아님,출입구를 식별할 사진·좌표·단차를 확인,없음,실행하지 않음,UPGRADE_V20.md에 명시한 대표 화면 미리보기만 공유
S029,기존 합성 조건에 대한 구현 대응 기록,안국,어니언 안국 / 정독도서관,유모차 동반,R02/R04,"R02: 비교와 상세 요약에 관련 출처 링크, 확인된 3곳 대표 전화; R04: 이용 방식·구매/예약 조건과 미확인 사항 분리; 현장 동선·가격은 잔여",구현 대응; 사례별 사용 성공·만족도 판정 아님,입구·단차·경사·이용 구간 현장 확인,없음,실행하지 않음,UPGRADE_V20.md에 명시한 대표 화면 미리보기만 공유
S030,기존 합성 조건에 대한 구현 대응 기록,서촌,대오서점 / 이상의 집,동행자와 선택을 상의함,R01/R12,R01: 비교 표·지도 카드에 기본 운영·휴관 배치; R12: 두 장소가 유지되는 비교 링크 복사와 수동 복사 대안,구현 대응; 사례별 사용 성공·만족도 판정 아님,장소 하나/두 곳 비교 중 무엇을 보내려 하는지 확인,없음,실행하지 않음,UPGRADE_V20.md에 명시한 대표 화면 미리보기만 공유
S031,기존 합성 조건에 대한 구현 대응 기록,안국,어니언 안국 / 정독도서관,계단 없는 이동이 필요함,R02/R04,"R02: 비교와 상세 요약에 관련 출처 링크, 확인된 3곳 대표 전화; R04: 이용 방식·구매/예약 조건과 미확인 사항 분리; 현장 동선·가격은 잔여",구현 대응; 사례별 사용 성공·만족도 판정 아님,운영기관의 확인된 동선과 미확인 항목 분리,없음,실행하지 않음,UPGRADE_V20.md에 명시한 대표 화면 미리보기만 공유
S032,기존 합성 조건에 대한 구현 대응 기록,안국,어니언 안국 / 정독도서관,초행·시간 여유·경험 비교,R01/R06/R10,"R01: 비교 표·지도 카드에 기본 운영·휴관 배치; R06: 비교 번호·A/B·반복 분류/공간 행 제거; R10: 사진 설명·출처 유지, 실제 입구 사진 추가 확보는 잔여",구현 대응; 사례별 사용 성공·만족도 판정 아님,두 곳의 차이와 방문 제약을 목록에서 설명할 수 있는지 관찰,없음,실행하지 않음,UPGRADE_V20.md에 명시한 대표 화면 미리보기만 공유
S033,기존 합성 조건에 대한 구현 대응 기록,서촌,대오서점 / 이상의 집,인터넷이 끊긴 상황을 가정,R05/R14,"R05: 지도 JS/CSS 지연 로드, 사진 WebP, 글꼴 서브셋; R14: 로딩 지연과 오류 분리, 늦게 성공하면 지연 안내 해제",구현 대응; 사례별 사용 성공·만족도 판정 아님,이미 연 상태와 최초 진입 실패를 나누어 확인,없음,실행하지 않음,UPGRADE_V20.md에 명시한 대표 화면 미리보기만 공유
S034,기존 합성 조건에 대한 구현 대응 기록,안국,서울공예박물관 / 계동 배렴 가옥,야외 강한 햇빛을 가정,R09,"R09: 지도 카드 운영 정보·14px 안내, 일반 좌표 설명 상세 이동",구현 대응; 사례별 사용 성공·만족도 판정 아님,야외에서 지도명·주의문 읽기와 조작 확인,없음,실행하지 않음,UPGRADE_V20.md에 명시한 대표 화면 미리보기만 공유
S035,기존 합성 조건에 대한 구현 대응 기록,서촌,스태픽스 / 수성동 계곡,긴 걷기를 피하고 싶음,R04/R09/R13,"R04: 이용 방식·구매/예약 조건과 미확인 사항 분리; 현장 동선·가격은 잔여; R09: 지도 카드 운영 정보·14px 안내, 일반 좌표 설명 상세 이동; R13: 지역별 지도 초기화 이름, 외부 지도에서 경로 설정 안내",구현 대응; 사례별 사용 성공·만족도 판정 아님,외부 지도에서 출발점을 설정하고 경로 확인하는 흐름 관찰,없음,실행하지 않음,UPGRADE_V20.md에 명시한 대표 화면 미리보기만 공유
S036,기존 합성 조건에 대한 구현 대응 기록,서촌,스태픽스 / 수성동 계곡,외부 지도에서 경로를 바로 기대,R04/R13,"R04: 이용 방식·구매/예약 조건과 미확인 사항 분리; 현장 동선·가격은 잔여; R13: 지역별 지도 초기화 이름, 외부 지도에서 경로 설정 안내",구현 대응; 사례별 사용 성공·만족도 판정 아님,폰에서 검색→출발점 설정→경로→앱 복귀 관찰,없음,실행하지 않음,UPGRADE_V20.md에 명시한 대표 화면 미리보기만 공유
S037,기존 합성 조건에 대한 구현 대응 기록,안국,어니언 안국 / 정독도서관,잠깐 앉아 쉴 자리 필요,R03/R04,"R03: 공예박물관·배렴 공통 휴관 안내, 다른 상황 선택; R04: 이용 방식·구매/예약 조건과 미확인 사항 분리; 현장 동선·가격은 잔여",구현 대응; 사례별 사용 성공·만족도 판정 아님,앉기·대화·조용한 열람 중 실제 목적과 좌석 이용 조건 확인,없음,실행하지 않음,UPGRADE_V20.md에 명시한 대표 화면 미리보기만 공유
S038,기존 합성 조건에 대한 구현 대응 기록,안국,어니언 안국 / 정독도서관,나중에 다시 방문할 계획,R11/R12,"R11: 장소별 확인 범위·날짜/재확인 필요 구분, 임시 안내 기간 분리; R12: 두 장소가 유지되는 비교 링크 복사와 수동 복사 대안",구현 대응; 사례별 사용 성공·만족도 판정 아님,다른 날짜 재방문 및 직접 링크 재진입 확인,없음,실행하지 않음,UPGRADE_V20.md에 명시한 대표 화면 미리보기만 공유
S039,기존 합성 조건에 대한 구현 대응 기록,서촌,대오서점 / 이상의 집,비가 오는 상황을 가정,R03/R04,"R03: 공예박물관·배렴 공통 휴관 안내, 다른 상황 선택; R04: 이용 방식·구매/예약 조건과 미확인 사항 분리; 현장 동선·가격은 잔여",구현 대응; 사례별 사용 성공·만족도 판정 아님,우천 시 실제 이용 가능한 공간·동선 확인,없음,실행하지 않음,UPGRADE_V20.md에 명시한 대표 화면 미리보기만 공유
S040,기존 합성 조건에 대한 구현 대응 기록,서촌,스태픽스 / 수성동 계곡,한 손 사용,R07,"R07: 지도 카드 가변 높이, 목록이 넘칠 때 스크롤 안내",구현 대응; 사례별 사용 성공·만족도 판정 아님,실제 한 손으로 지역 전환·마지막 장소 선택 관찰,없음,실행하지 않음,UPGRADE_V20.md에 명시한 대표 화면 미리보기만 공유
S041,기존 합성 조건에 대한 구현 대응 기록,서촌,대오서점 / 이상의 집,키보드로 지도 핀 조작,R07/R08,"R07: 지도 카드 가변 높이, 목록이 넘칠 때 스크롤 안내; R08: 지도 진입 제목 초점·비교 복귀 원래 버튼 초점",구현 대응; 사례별 사용 성공·만족도 판정 아님,지도 진입·선택·상세·목록 복귀 전체 초점 순서 확인,없음,실행하지 않음,UPGRADE_V20.md에 명시한 대표 화면 미리보기만 공유
S042,기존 합성 조건에 대한 구현 대응 기록,서촌,스태픽스 / 수성동 계곡,약속까지 30분 남음,R01/R02/R03,"R01: 비교 표·지도 카드에 기본 운영·휴관 배치; R02: 비교와 상세 요약에 관련 출처 링크, 확인된 3곳 대표 전화; R03: 공예박물관·배렴 공통 휴관 안내, 다른 상황 선택",구현 대응; 사례별 사용 성공·만족도 판정 아님,짧은 시간에 양쪽 운영을 대조하는 실제 조작 관찰,없음,실행하지 않음,UPGRADE_V20.md에 명시한 대표 화면 미리보기만 공유
S043,기존 합성 조건에 대한 구현 대응 기록,서촌,대오서점 / 이상의 집,추가 지출 없이 머물고 싶음,R02/R04,"R02: 비교와 상세 요약에 관련 출처 링크, 확인된 3곳 대표 전화; R04: 이용 방식·구매/예약 조건과 미확인 사항 분리; 현장 동선·가격은 잔여",구현 대응; 사례별 사용 성공·만족도 판정 아님,일반 이용 비용과 별도 프로그램 비용을 확인,없음,실행하지 않음,UPGRADE_V20.md에 명시한 대표 화면 미리보기만 공유
S044,기존 합성 조건에 대한 구현 대응 기록,서촌,대오서점 / 이상의 집,유모차 동반,R02/R04,"R02: 비교와 상세 요약에 관련 출처 링크, 확인된 3곳 대표 전화; R04: 이용 방식·구매/예약 조건과 미확인 사항 분리; 현장 동선·가격은 잔여",구현 대응; 사례별 사용 성공·만족도 판정 아님,입구·단차·경사·이용 구간 현장 확인,없음,실행하지 않음,UPGRADE_V20.md에 명시한 대표 화면 미리보기만 공유
S045,기존 합성 조건에 대한 구현 대응 기록,서촌,스태픽스 / 수성동 계곡,한국어가 익숙하지 않음,,수요 근거 부족으로 기능 추가 없음,구현 대응; 사례별 사용 성공·만족도 판정 아님,필요 언어와 비용·운영 조건 이해도부터 조사,없음,실행하지 않음,UPGRADE_V20.md에 명시한 대표 화면 미리보기만 공유
S046,기존 합성 조건에 대한 구현 대응 기록,안국,어니언 안국 / 정독도서관,추가 지출 없이 머물고 싶음,R02/R04,"R02: 비교와 상세 요약에 관련 출처 링크, 확인된 3곳 대표 전화; R04: 이용 방식·구매/예약 조건과 미확인 사항 분리; 현장 동선·가격은 잔여",구현 대응; 사례별 사용 성공·만족도 판정 아님,일반 이용 비용과 별도 프로그램 비용을 확인,없음,실행하지 않음,UPGRADE_V20.md에 명시한 대표 화면 미리보기만 공유
S047,기존 합성 조건에 대한 구현 대응 기록,서촌,스태픽스 / 수성동 계곡,현재 위치에서 가까운 곳 선호,R04/R13,"R04: 이용 방식·구매/예약 조건과 미확인 사항 분리; 현장 동선·가격은 잔여; R13: 지역별 지도 초기화 이름, 외부 지도에서 경로 설정 안내",구현 대응; 사례별 사용 성공·만족도 판정 아님,외부 경로 확인의 발견성과 앱 왕복 관찰,없음,실행하지 않음,UPGRADE_V20.md에 명시한 대표 화면 미리보기만 공유
S048,기존 합성 조건에 대한 구현 대응 기록,안국,서울공예박물관 / 계동 배렴 가옥,초행·시간 여유·경험 비교,R01/R06/R10,"R01: 비교 표·지도 카드에 기본 운영·휴관 배치; R06: 비교 번호·A/B·반복 분류/공간 행 제거; R10: 사진 설명·출처 유지, 실제 입구 사진 추가 확보는 잔여",구현 대응; 사례별 사용 성공·만족도 판정 아님,두 곳의 차이와 방문 제약을 목록에서 설명할 수 있는지 관찰,없음,실행하지 않음,UPGRADE_V20.md에 명시한 대표 화면 미리보기만 공유
S049,기존 합성 조건에 대한 구현 대응 기록,서촌,대오서점 / 이상의 집,사진으로 현장 입구를 찾음,R04/R10,"R04: 이용 방식·구매/예약 조건과 미확인 사항 분리; 현장 동선·가격은 잔여; R10: 사진 설명·출처 유지, 실제 입구 사진 추가 확보는 잔여",구현 대응; 사례별 사용 성공·만족도 판정 아님,출입구를 식별할 사진·좌표·단차를 확인,없음,실행하지 않음,UPGRADE_V20.md에 명시한 대표 화면 미리보기만 공유
S050,기존 합성 조건에 대한 구현 대응 기록,서촌,스태픽스 / 수성동 계곡,추가 지출 없이 머물고 싶음,R02/R04,"R02: 비교와 상세 요약에 관련 출처 링크, 확인된 3곳 대표 전화; R04: 이용 방식·구매/예약 조건과 미확인 사항 분리; 현장 동선·가격은 잔여",구현 대응; 사례별 사용 성공·만족도 판정 아님,일반 이용 비용과 별도 프로그램 비용을 확인,없음,실행하지 않음,UPGRADE_V20.md에 명시한 대표 화면 미리보기만 공유
S051,기존 합성 조건에 대한 구현 대응 기록,안국,어니언 안국 / 정독도서관,느린 데이터 연결을 가정,R05/R14,"R05: 지도 JS/CSS 지연 로드, 사진 WebP, 글꼴 서브셋; R14: 로딩 지연과 오류 분리, 늦게 성공하면 지연 안내 해제",구현 대응; 사례별 사용 성공·만족도 판정 아님,느린 통신에서 목록 독립 로딩 및 지도 지연 후 회복 측정,없음,실행하지 않음,UPGRADE_V20.md에 명시한 대표 화면 미리보기만 공유
S052,기존 합성 조건에 대한 구현 대응 기록,안국,서울공예박물관 / 계동 배렴 가옥,나중에 다시 방문할 계획,R11/R12,"R11: 장소별 확인 범위·날짜/재확인 필요 구분, 임시 안내 기간 분리; R12: 두 장소가 유지되는 비교 링크 복사와 수동 복사 대안",구현 대응; 사례별 사용 성공·만족도 판정 아님,다른 날짜 재방문 및 직접 링크 재진입 확인,없음,실행하지 않음,UPGRADE_V20.md에 명시한 대표 화면 미리보기만 공유
S053,기존 합성 조건에 대한 구현 대응 기록,서촌,스태픽스 / 수성동 계곡,사진으로 현장 입구를 찾음,R04/R10,"R04: 이용 방식·구매/예약 조건과 미확인 사항 분리; 현장 동선·가격은 잔여; R10: 사진 설명·출처 유지, 실제 입구 사진 추가 확보는 잔여",구현 대응; 사례별 사용 성공·만족도 판정 아님,출입구를 식별할 사진·좌표·단차를 확인,없음,실행하지 않음,UPGRADE_V20.md에 명시한 대표 화면 미리보기만 공유
S054,기존 합성 조건에 대한 구현 대응 기록,안국,서울공예박물관 / 계동 배렴 가옥,정보 출처를 중요하게 봄,R02/R11,"R02: 비교와 상세 요약에 관련 출처 링크, 확인된 3곳 대표 전화; R11: 장소별 확인 범위·날짜/재확인 필요 구분, 임시 안내 기간 분리",구현 대응; 사례별 사용 성공·만족도 판정 아님,자료 확인일과 실시간/현장 확인의 차이를 이해하는지 관찰,없음,실행하지 않음,UPGRADE_V20.md에 명시한 대표 화면 미리보기만 공유
S055,기존 합성 조건에 대한 구현 대응 기록,서촌,스태픽스 / 수성동 계곡,목적을 아직 정하지 않음,R03/R06,"R03: 공예박물관·배렴 공통 휴관 안내, 다른 상황 선택; R06: 비교 번호·A/B·반복 분류/공간 행 제거",구현 대응; 사례별 사용 성공·만족도 판정 아님,두 후보를 제외한 뒤 다른 상황을 찾게 하는 과제 관찰,없음,실행하지 않음,UPGRADE_V20.md에 명시한 대표 화면 미리보기만 공유
S056,기존 합성 조건에 대한 구현 대응 기록,서촌,스태픽스 / 수성동 계곡,진행 중인 전시·행사를 찾음,R02/R03/R11,"R02: 비교와 상세 요약에 관련 출처 링크, 확인된 3곳 대표 전화; R03: 공예박물관·배렴 공통 휴관 안내, 다른 상황 선택; R11: 장소별 확인 범위·날짜/재확인 필요 구분, 임시 안내 기간 분리",구현 대응; 사례별 사용 성공·만족도 판정 아님,해당 비교 목적에 행사 정보가 필요한지와 일정 링크 정확성 확인,없음,실행하지 않음,UPGRADE_V20.md에 명시한 대표 화면 미리보기만 공유
S057,기존 합성 조건에 대한 구현 대응 기록,서촌,스태픽스 / 수성동 계곡,정보 출처를 중요하게 봄,R02/R11,"R02: 비교와 상세 요약에 관련 출처 링크, 확인된 3곳 대표 전화; R11: 장소별 확인 범위·날짜/재확인 필요 구분, 임시 안내 기간 분리",구현 대응; 사례별 사용 성공·만족도 판정 아님,자료 확인일과 실시간/현장 확인의 차이를 이해하는지 관찰,없음,실행하지 않음,UPGRADE_V20.md에 명시한 대표 화면 미리보기만 공유
S058,기존 합성 조건에 대한 구현 대응 기록,서촌,스태픽스 / 수성동 계곡,유모차 동반,R02/R04,"R02: 비교와 상세 요약에 관련 출처 링크, 확인된 3곳 대표 전화; R04: 이용 방식·구매/예약 조건과 미확인 사항 분리; 현장 동선·가격은 잔여",구현 대응; 사례별 사용 성공·만족도 판정 아님,입구·단차·경사·이용 구간 현장 확인,없음,실행하지 않음,UPGRADE_V20.md에 명시한 대표 화면 미리보기만 공유
S059,기존 합성 조건에 대한 구현 대응 기록,안국,서울공예박물관 / 계동 배렴 가옥,비가 오는 상황을 가정,R03/R04,"R03: 공예박물관·배렴 공통 휴관 안내, 다른 상황 선택; R04: 이용 방식·구매/예약 조건과 미확인 사항 분리; 현장 동선·가격은 잔여",구현 대응; 사례별 사용 성공·만족도 판정 아님,우천 시 실제 이용 가능한 공간·동선 확인,없음,실행하지 않음,UPGRADE_V20.md에 명시한 대표 화면 미리보기만 공유
S060,기존 합성 조건에 대한 구현 대응 기록,서촌,스태픽스 / 수성동 계곡,비가 오는 상황을 가정,R03/R04,"R03: 공예박물관·배렴 공통 휴관 안내, 다른 상황 선택; R04: 이용 방식·구매/예약 조건과 미확인 사항 분리; 현장 동선·가격은 잔여",구현 대응; 사례별 사용 성공·만족도 판정 아님,우천 시 실제 이용 가능한 공간·동선 확인,없음,실행하지 않음,UPGRADE_V20.md에 명시한 대표 화면 미리보기만 공유
S061,기존 합성 조건에 대한 구현 대응 기록,서촌,스태픽스 / 수성동 계곡,390px 폭의 작은 화면,R06/R07,"R06: 비교 번호·A/B·반복 분류/공간 행 제거; R07: 지도 카드 가변 높이, 목록이 넘칠 때 스크롤 안내",구현 대응; 사례별 사용 성공·만족도 판정 아님,8번째 이름을 별도 설명 없이 찾을 수 있는지 관찰,없음,실행하지 않음,UPGRADE_V20.md에 명시한 대표 화면 미리보기만 공유
S062,기존 합성 조건에 대한 구현 대응 기록,안국,서울공예박물관 / 계동 배렴 가옥,추가 지출 없이 머물고 싶음,R02/R04,"R02: 비교와 상세 요약에 관련 출처 링크, 확인된 3곳 대표 전화; R04: 이용 방식·구매/예약 조건과 미확인 사항 분리; 현장 동선·가격은 잔여",구현 대응; 사례별 사용 성공·만족도 판정 아님,일반 이용 비용과 별도 프로그램 비용을 확인,없음,실행하지 않음,UPGRADE_V20.md에 명시한 대표 화면 미리보기만 공유
S063,기존 합성 조건에 대한 구현 대응 기록,안국,서울공예박물관 / 계동 배렴 가옥,목적을 아직 정하지 않음,R03/R06,"R03: 공예박물관·배렴 공통 휴관 안내, 다른 상황 선택; R06: 비교 번호·A/B·반복 분류/공간 행 제거",구현 대응; 사례별 사용 성공·만족도 판정 아님,두 후보를 제외한 뒤 다른 상황을 찾게 하는 과제 관찰,없음,실행하지 않음,UPGRADE_V20.md에 명시한 대표 화면 미리보기만 공유
S064,기존 합성 조건에 대한 구현 대응 기록,안국,서울공예박물관 / 계동 배렴 가옥,진행 중인 전시·행사를 찾음,R02/R03/R11,"R02: 비교와 상세 요약에 관련 출처 링크, 확인된 3곳 대표 전화; R03: 공예박물관·배렴 공통 휴관 안내, 다른 상황 선택; R11: 장소별 확인 범위·날짜/재확인 필요 구분, 임시 안내 기간 분리",구현 대응; 사례별 사용 성공·만족도 판정 아님,해당 비교 목적에 행사 정보가 필요한지와 일정 링크 정확성 확인,없음,실행하지 않음,UPGRADE_V20.md에 명시한 대표 화면 미리보기만 공유
S065,기존 합성 조건에 대한 구현 대응 기록,서촌,대오서점 / 이상의 집,진행 중인 전시·행사를 찾음,R02/R03/R11,"R02: 비교와 상세 요약에 관련 출처 링크, 확인된 3곳 대표 전화; R03: 공예박물관·배렴 공통 휴관 안내, 다른 상황 선택; R11: 장소별 확인 범위·날짜/재확인 필요 구분, 임시 안내 기간 분리",구현 대응; 사례별 사용 성공·만족도 판정 아님,해당 비교 목적에 행사 정보가 필요한지와 일정 링크 정확성 확인,없음,실행하지 않음,UPGRADE_V20.md에 명시한 대표 화면 미리보기만 공유
S066,기존 합성 조건에 대한 구현 대응 기록,서촌,대오서점 / 이상의 집,목적을 아직 정하지 않음,R03/R06,"R03: 공예박물관·배렴 공통 휴관 안내, 다른 상황 선택; R06: 비교 번호·A/B·반복 분류/공간 행 제거",구현 대응; 사례별 사용 성공·만족도 판정 아님,두 후보를 제외한 뒤 다른 상황을 찾게 하는 과제 관찰,없음,실행하지 않음,UPGRADE_V20.md에 명시한 대표 화면 미리보기만 공유
S067,기존 합성 조건에 대한 구현 대응 기록,안국,서울공예박물관 / 계동 배렴 가옥,인터넷이 끊긴 상황을 가정,R05/R14,"R05: 지도 JS/CSS 지연 로드, 사진 WebP, 글꼴 서브셋; R14: 로딩 지연과 오류 분리, 늦게 성공하면 지연 안내 해제",구현 대응; 사례별 사용 성공·만족도 판정 아님,이미 연 상태와 최초 진입 실패를 나누어 확인,없음,실행하지 않음,UPGRADE_V20.md에 명시한 대표 화면 미리보기만 공유
S068,기존 합성 조건에 대한 구현 대응 기록,서촌,스태픽스 / 수성동 계곡,나중에 다시 방문할 계획,R11/R12,"R11: 장소별 확인 범위·날짜/재확인 필요 구분, 임시 안내 기간 분리; R12: 두 장소가 유지되는 비교 링크 복사와 수동 복사 대안",구현 대응; 사례별 사용 성공·만족도 판정 아님,다른 날짜 재방문 및 직접 링크 재진입 확인,없음,실행하지 않음,UPGRADE_V20.md에 명시한 대표 화면 미리보기만 공유
S069,기존 합성 조건에 대한 구현 대응 기록,서촌,스태픽스 / 수성동 계곡,큰 글씨를 선호함,R06/R07/R09,"R06: 비교 번호·A/B·반복 분류/공간 행 제거; R07: 지도 카드 가변 높이, 목록이 넘칠 때 스크롤 안내; R09: 지도 카드 운영 정보·14px 안내, 일반 좌표 설명 상세 이동",구현 대응; 사례별 사용 성공·만족도 판정 아님,기기 글자 확대와 브라우저 확대를 별도로 확인,없음,실행하지 않음,UPGRADE_V20.md에 명시한 대표 화면 미리보기만 공유
S070,기존 합성 조건에 대한 구현 대응 기록,안국,서울공예박물관 / 계동 배렴 가옥,키보드로 지도 핀 조작,R07/R08,"R07: 지도 카드 가변 높이, 목록이 넘칠 때 스크롤 안내; R08: 지도 진입 제목 초점·비교 복귀 원래 버튼 초점",구현 대응; 사례별 사용 성공·만족도 판정 아님,지도 진입·선택·상세·목록 복귀 전체 초점 순서 확인,없음,실행하지 않음,UPGRADE_V20.md에 명시한 대표 화면 미리보기만 공유
S071,기존 합성 조건에 대한 구현 대응 기록,서촌,대오서점 / 이상의 집,긴 걷기를 피하고 싶음,R04/R09/R13,"R04: 이용 방식·구매/예약 조건과 미확인 사항 분리; 현장 동선·가격은 잔여; R09: 지도 카드 운영 정보·14px 안내, 일반 좌표 설명 상세 이동; R13: 지역별 지도 초기화 이름, 외부 지도에서 경로 설정 안내",구현 대응; 사례별 사용 성공·만족도 판정 아님,외부 지도에서 출발점을 설정하고 경로 확인하는 흐름 관찰,없음,실행하지 않음,UPGRADE_V20.md에 명시한 대표 화면 미리보기만 공유
S072,기존 합성 조건에 대한 구현 대응 기록,서촌,대오서점 / 이상의 집,현재 위치에서 가까운 곳 선호,R04/R13,"R04: 이용 방식·구매/예약 조건과 미확인 사항 분리; 현장 동선·가격은 잔여; R13: 지역별 지도 초기화 이름, 외부 지도에서 경로 설정 안내",구현 대응; 사례별 사용 성공·만족도 판정 아님,외부 경로 확인의 발견성과 앱 왕복 관찰,없음,실행하지 않음,UPGRADE_V20.md에 명시한 대표 화면 미리보기만 공유
S073,기존 합성 조건에 대한 구현 대응 기록,안국,서울공예박물관 / 계동 배렴 가옥,느린 데이터 연결을 가정,R05/R14,"R05: 지도 JS/CSS 지연 로드, 사진 WebP, 글꼴 서브셋; R14: 로딩 지연과 오류 분리, 늦게 성공하면 지연 안내 해제",구현 대응; 사례별 사용 성공·만족도 판정 아님,느린 통신에서 목록 독립 로딩 및 지도 지연 후 회복 측정,없음,실행하지 않음,UPGRADE_V20.md에 명시한 대표 화면 미리보기만 공유
S074,기존 합성 조건에 대한 구현 대응 기록,안국,어니언 안국 / 정독도서관,키보드로 지도 핀 조작,R07/R08,"R07: 지도 카드 가변 높이, 목록이 넘칠 때 스크롤 안내; R08: 지도 진입 제목 초점·비교 복귀 원래 버튼 초점",구현 대응; 사례별 사용 성공·만족도 판정 아님,지도 진입·선택·상세·목록 복귀 전체 초점 순서 확인,없음,실행하지 않음,UPGRADE_V20.md에 명시한 대표 화면 미리보기만 공유
S075,기존 합성 조건에 대한 구현 대응 기록,안국,어니언 안국 / 정독도서관,큰 글씨를 선호함,R06/R07/R09,"R06: 비교 번호·A/B·반복 분류/공간 행 제거; R07: 지도 카드 가변 높이, 목록이 넘칠 때 스크롤 안내; R09: 지도 카드 운영 정보·14px 안내, 일반 좌표 설명 상세 이동",구현 대응; 사례별 사용 성공·만족도 판정 아님,기기 글자 확대와 브라우저 확대를 별도로 확인,없음,실행하지 않음,UPGRADE_V20.md에 명시한 대표 화면 미리보기만 공유
S076,기존 합성 조건에 대한 구현 대응 기록,안국,어니언 안국 / 정독도서관,동행자와 선택을 상의함,R01/R12,R01: 비교 표·지도 카드에 기본 운영·휴관 배치; R12: 두 장소가 유지되는 비교 링크 복사와 수동 복사 대안,구현 대응; 사례별 사용 성공·만족도 판정 아님,장소 하나/두 곳 비교 중 무엇을 보내려 하는지 확인,없음,실행하지 않음,UPGRADE_V20.md에 명시한 대표 화면 미리보기만 공유
S077,기존 합성 조건에 대한 구현 대응 기록,안국,서울공예박물관 / 계동 배렴 가옥,큰 글씨를 선호함,R06/R07/R09,"R06: 비교 번호·A/B·반복 분류/공간 행 제거; R07: 지도 카드 가변 높이, 목록이 넘칠 때 스크롤 안내; R09: 지도 카드 운영 정보·14px 안내, 일반 좌표 설명 상세 이동",구현 대응; 사례별 사용 성공·만족도 판정 아님,기기 글자 확대와 브라우저 확대를 별도로 확인,없음,실행하지 않음,UPGRADE_V20.md에 명시한 대표 화면 미리보기만 공유
S078,기존 합성 조건에 대한 구현 대응 기록,서촌,대오서점 / 이상의 집,한 손 사용,R07,"R07: 지도 카드 가변 높이, 목록이 넘칠 때 스크롤 안내",구현 대응; 사례별 사용 성공·만족도 판정 아님,실제 한 손으로 지역 전환·마지막 장소 선택 관찰,없음,실행하지 않음,UPGRADE_V20.md에 명시한 대표 화면 미리보기만 공유
S079,기존 합성 조건에 대한 구현 대응 기록,안국,서울공예박물관 / 계동 배렴 가옥,긴 걷기를 피하고 싶음,R04/R09/R13,"R04: 이용 방식·구매/예약 조건과 미확인 사항 분리; 현장 동선·가격은 잔여; R09: 지도 카드 운영 정보·14px 안내, 일반 좌표 설명 상세 이동; R13: 지역별 지도 초기화 이름, 외부 지도에서 경로 설정 안내",구현 대응; 사례별 사용 성공·만족도 판정 아님,외부 지도에서 출발점을 설정하고 경로 확인하는 흐름 관찰,없음,실행하지 않음,UPGRADE_V20.md에 명시한 대표 화면 미리보기만 공유
S080,기존 합성 조건에 대한 구현 대응 기록,안국,서울공예박물관 / 계동 배렴 가옥,한 손 사용,R07,"R07: 지도 카드 가변 높이, 목록이 넘칠 때 스크롤 안내",구현 대응; 사례별 사용 성공·만족도 판정 아님,실제 한 손으로 지역 전환·마지막 장소 선택 관찰,없음,실행하지 않음,UPGRADE_V20.md에 명시한 대표 화면 미리보기만 공유
S081,기존 합성 조건에 대한 구현 대응 기록,안국,서울공예박물관 / 계동 배렴 가옥,유모차 동반,R02/R04,"R02: 비교와 상세 요약에 관련 출처 링크, 확인된 3곳 대표 전화; R04: 이용 방식·구매/예약 조건과 미확인 사항 분리; 현장 동선·가격은 잔여",구현 대응; 사례별 사용 성공·만족도 판정 아님,입구·단차·경사·이용 구간 현장 확인,없음,실행하지 않음,UPGRADE_V20.md에 명시한 대표 화면 미리보기만 공유
S082,기존 합성 조건에 대한 구현 대응 기록,서촌,대오서점 / 이상의 집,초행·시간 여유·경험 비교,R01/R06/R10,"R01: 비교 표·지도 카드에 기본 운영·휴관 배치; R06: 비교 번호·A/B·반복 분류/공간 행 제거; R10: 사진 설명·출처 유지, 실제 입구 사진 추가 확보는 잔여",구현 대응; 사례별 사용 성공·만족도 판정 아님,두 곳의 차이와 방문 제약을 목록에서 설명할 수 있는지 관찰,없음,실행하지 않음,UPGRADE_V20.md에 명시한 대표 화면 미리보기만 공유
S083,기존 합성 조건에 대한 구현 대응 기록,안국,서울공예박물관 / 계동 배렴 가옥,외부 지도에서 경로를 바로 기대,R04/R13,"R04: 이용 방식·구매/예약 조건과 미확인 사항 분리; 현장 동선·가격은 잔여; R13: 지역별 지도 초기화 이름, 외부 지도에서 경로 설정 안내",구현 대응; 사례별 사용 성공·만족도 판정 아님,폰에서 검색→출발점 설정→경로→앱 복귀 관찰,없음,실행하지 않음,UPGRADE_V20.md에 명시한 대표 화면 미리보기만 공유
S084,기존 합성 조건에 대한 구현 대응 기록,서촌,대오서점 / 이상의 집,한국어가 익숙하지 않음,,수요 근거 부족으로 기능 추가 없음,구현 대응; 사례별 사용 성공·만족도 판정 아님,필요 언어와 비용·운영 조건 이해도부터 조사,없음,실행하지 않음,UPGRADE_V20.md에 명시한 대표 화면 미리보기만 공유
S085,기존 합성 조건에 대한 구현 대응 기록,서촌,스태픽스 / 수성동 계곡,동네에 익숙한 재방문자,R06/R11,"R06: 비교 번호·A/B·반복 분류/공간 행 제거; R11: 장소별 확인 범위·날짜/재확인 필요 구분, 임시 안내 기간 분리",구현 대응; 사례별 사용 성공·만족도 판정 아님,알고 있는 장소에서 달라진 운영 정보만 쉽게 찾는지 관찰,없음,실행하지 않음,UPGRADE_V20.md에 명시한 대표 화면 미리보기만 공유
S086,기존 합성 조건에 대한 구현 대응 기록,안국,어니언 안국 / 정독도서관,약속까지 30분 남음,R01/R02/R03,"R01: 비교 표·지도 카드에 기본 운영·휴관 배치; R02: 비교와 상세 요약에 관련 출처 링크, 확인된 3곳 대표 전화; R03: 공예박물관·배렴 공통 휴관 안내, 다른 상황 선택",구현 대응; 사례별 사용 성공·만족도 판정 아님,짧은 시간에 양쪽 운영을 대조하는 실제 조작 관찰,없음,실행하지 않음,UPGRADE_V20.md에 명시한 대표 화면 미리보기만 공유
S087,기존 합성 조건에 대한 구현 대응 기록,안국,서울공예박물관 / 계동 배렴 가옥,동네에 익숙한 재방문자,R06/R11,"R06: 비교 번호·A/B·반복 분류/공간 행 제거; R11: 장소별 확인 범위·날짜/재확인 필요 구분, 임시 안내 기간 분리",구현 대응; 사례별 사용 성공·만족도 판정 아님,알고 있는 장소에서 달라진 운영 정보만 쉽게 찾는지 관찰,없음,실행하지 않음,UPGRADE_V20.md에 명시한 대표 화면 미리보기만 공유
S088,기존 합성 조건에 대한 구현 대응 기록,안국,어니언 안국 / 정독도서관,한 손 사용,R07,"R07: 지도 카드 가변 높이, 목록이 넘칠 때 스크롤 안내",구현 대응; 사례별 사용 성공·만족도 판정 아님,실제 한 손으로 지역 전환·마지막 장소 선택 관찰,없음,실행하지 않음,UPGRADE_V20.md에 명시한 대표 화면 미리보기만 공유
S089,기존 합성 조건에 대한 구현 대응 기록,안국,서울공예박물관 / 계동 배렴 가옥,한국어가 익숙하지 않음,,수요 근거 부족으로 기능 추가 없음,구현 대응; 사례별 사용 성공·만족도 판정 아님,필요 언어와 비용·운영 조건 이해도부터 조사,없음,실행하지 않음,UPGRADE_V20.md에 명시한 대표 화면 미리보기만 공유
S090,기존 합성 조건에 대한 구현 대응 기록,서촌,스태픽스 / 수성동 계곡,잠깐 앉아 쉴 자리 필요,R03/R04,"R03: 공예박물관·배렴 공통 휴관 안내, 다른 상황 선택; R04: 이용 방식·구매/예약 조건과 미확인 사항 분리; 현장 동선·가격은 잔여",구현 대응; 사례별 사용 성공·만족도 판정 아님,앉기·대화·조용한 열람 중 실제 목적과 좌석 이용 조건 확인,없음,실행하지 않음,UPGRADE_V20.md에 명시한 대표 화면 미리보기만 공유
S091,기존 합성 조건에 대한 구현 대응 기록,서촌,대오서점 / 이상의 집,약속까지 30분 남음,R01/R02/R03,"R01: 비교 표·지도 카드에 기본 운영·휴관 배치; R02: 비교와 상세 요약에 관련 출처 링크, 확인된 3곳 대표 전화; R03: 공예박물관·배렴 공통 휴관 안내, 다른 상황 선택",구현 대응; 사례별 사용 성공·만족도 판정 아님,짧은 시간에 양쪽 운영을 대조하는 실제 조작 관찰,없음,실행하지 않음,UPGRADE_V20.md에 명시한 대표 화면 미리보기만 공유
S092,기존 합성 조건에 대한 구현 대응 기록,서촌,스태픽스 / 수성동 계곡,계단 없는 이동이 필요함,R02/R04,"R02: 비교와 상세 요약에 관련 출처 링크, 확인된 3곳 대표 전화; R04: 이용 방식·구매/예약 조건과 미확인 사항 분리; 현장 동선·가격은 잔여",구현 대응; 사례별 사용 성공·만족도 판정 아님,운영기관의 확인된 동선과 미확인 항목 분리,없음,실행하지 않음,UPGRADE_V20.md에 명시한 대표 화면 미리보기만 공유
S093,기존 합성 조건에 대한 구현 대응 기록,안국,서울공예박물관 / 계동 배렴 가옥,계단 없는 이동이 필요함,R02/R04,"R02: 비교와 상세 요약에 관련 출처 링크, 확인된 3곳 대표 전화; R04: 이용 방식·구매/예약 조건과 미확인 사항 분리; 현장 동선·가격은 잔여",구현 대응; 사례별 사용 성공·만족도 판정 아님,운영기관의 확인된 동선과 미확인 항목 분리,없음,실행하지 않음,UPGRADE_V20.md에 명시한 대표 화면 미리보기만 공유
S094,기존 합성 조건에 대한 구현 대응 기록,안국,어니언 안국 / 정독도서관,목적을 아직 정하지 않음,R03/R06,"R03: 공예박물관·배렴 공통 휴관 안내, 다른 상황 선택; R06: 비교 번호·A/B·반복 분류/공간 행 제거",구현 대응; 사례별 사용 성공·만족도 판정 아님,두 후보를 제외한 뒤 다른 상황을 찾게 하는 과제 관찰,없음,실행하지 않음,UPGRADE_V20.md에 명시한 대표 화면 미리보기만 공유
S095,기존 합성 조건에 대한 구현 대응 기록,안국,서울공예박물관 / 계동 배렴 가옥,390px 폭의 작은 화면,R06/R07,"R06: 비교 번호·A/B·반복 분류/공간 행 제거; R07: 지도 카드 가변 높이, 목록이 넘칠 때 스크롤 안내",구현 대응; 사례별 사용 성공·만족도 판정 아님,8번째 이름을 별도 설명 없이 찾을 수 있는지 관찰,없음,실행하지 않음,UPGRADE_V20.md에 명시한 대표 화면 미리보기만 공유
S096,기존 합성 조건에 대한 구현 대응 기록,서촌,대오서점 / 이상의 집,야외 강한 햇빛을 가정,R09,"R09: 지도 카드 운영 정보·14px 안내, 일반 좌표 설명 상세 이동",구현 대응; 사례별 사용 성공·만족도 판정 아님,야외에서 지도명·주의문 읽기와 조작 확인,없음,실행하지 않음,UPGRADE_V20.md에 명시한 대표 화면 미리보기만 공유
S097,기존 합성 조건에 대한 구현 대응 기록,서촌,스태픽스 / 수성동 계곡,느린 데이터 연결을 가정,R05/R14,"R05: 지도 JS/CSS 지연 로드, 사진 WebP, 글꼴 서브셋; R14: 로딩 지연과 오류 분리, 늦게 성공하면 지연 안내 해제",구현 대응; 사례별 사용 성공·만족도 판정 아님,느린 통신에서 목록 독립 로딩 및 지도 지연 후 회복 측정,없음,실행하지 않음,UPGRADE_V20.md에 명시한 대표 화면 미리보기만 공유
S098,기존 합성 조건에 대한 구현 대응 기록,서촌,대오서점 / 이상의 집,정보 출처를 중요하게 봄,R02/R11,"R02: 비교와 상세 요약에 관련 출처 링크, 확인된 3곳 대표 전화; R11: 장소별 확인 범위·날짜/재확인 필요 구분, 임시 안내 기간 분리",구현 대응; 사례별 사용 성공·만족도 판정 아님,자료 확인일과 실시간/현장 확인의 차이를 이해하는지 관찰,없음,실행하지 않음,UPGRADE_V20.md에 명시한 대표 화면 미리보기만 공유
S099,기존 합성 조건에 대한 구현 대응 기록,안국,서울공예박물관 / 계동 배렴 가옥,동행자와 선택을 상의함,R01/R12,R01: 비교 표·지도 카드에 기본 운영·휴관 배치; R12: 두 장소가 유지되는 비교 링크 복사와 수동 복사 대안,구현 대응; 사례별 사용 성공·만족도 판정 아님,장소 하나/두 곳 비교 중 무엇을 보내려 하는지 확인,없음,실행하지 않음,UPGRADE_V20.md에 명시한 대표 화면 미리보기만 공유
S100,기존 합성 조건에 대한 구현 대응 기록,서촌,스태픽스 / 수성동 계곡,키보드로 지도 핀 조작,R07/R08,"R07: 지도 카드 가변 높이, 목록이 넘칠 때 스크롤 안내; R08: 지도 진입 제목 초점·비교 복귀 원래 버튼 초점",구현 대응; 사례별 사용 성공·만족도 판정 아님,지도 진입·선택·상세·목록 복귀 전체 초점 순서 확인,없음,실행하지 않음,UPGRADE_V20.md에 명시한 대표 화면 미리보기만 공유
